pk^env_id^validity_from^validity_to^3char_code^2char_code^num_code^name^name2^alliance_code^alliance_status^type(Cargo;Pax scheduled;Dummy;Gds;charTer;Ferry;Rail)^wiki_link^alt_names^bases^key^version
air-act-airlines-v1^1^2004-01-01^2010-12-31^RUN^9T^556^ACT Airlines^^^^^http://en.wikipedia.org/wiki/MyCargo_Airlines^en|ACT Airlines|h=en|ACT Havayollari|h=en|MyCargo Airlines|p^IST^air-act-airlines^1
air-aerosur-v1^1^1992-01-01^2012-12-31^RSU^5L^275^AeroSur^^^^^http://en.wikipedia.org/wiki/AeroSur^en|AeroSur|^^air-aerosur^1
air-aerosvit-airlines-v1^1^1994-04-01^2013-01-31^AEW^VV^870^AeroSvit Airlines^^^^^http://en.wikipedia.org/wiki/Aerosvit_Airlines^en|AeroSvit Airlines|^^air-aerosvit-airlines^1
air-aero-california-v1^1^1960-01-01^2008-07-23^SER^JR^0^Aero California^^^^^http://en.wikipedia.org/wiki/Aero_California^en|Aero California|p=en|AeroCal|s=sign|AEROCALIFORNIA|^^air-aero-california^1
air-aero-flight-v1^1^2004-01-01^2005-12-31^ARF^GV^0^Aero Flight^^^^^http://en.wikipedia.org/wiki/Aero_Flight^en|Aero Flight|^^air-aero-flight^1
air-aero-vip-argentina-v1^1^1999-06-23^2010-08-31^AOG^2D^592^Aero VIP (Argentina)^Aero VIP (Argentina)^^^P^http://en.wikipedia.org/wiki/Aero_VIP_(Argentina)^en|Aero VIP (Argentina)|=en|Aero VIP (Argentina)|^^air-aero-vip-argentina^1
air-aeropelican-air-services-v1^1^1971-07-01^2013-12-31^PEL^OT^0^Aeropelican Air Services^^^^^http://en.wikipedia.org/wiki/Aeropelican_Air_Services^en|Aeropelican Air Services|^^air-aeropelican-air-services^1
air-aeroperlas-v1^1^1970-01-01^2012-02-29^APP^WL^54^Aeroperlas^^^^^http://en.wikipedia.org/wiki/Aeroperlas^en|Aeroperlas|=es|Aerolíneas Islas de Las Perlas|^DAV=PAC^air-aeroperlas^1
air-afrijet-airlines-v1^1^2000-01-01^2008-12-31^FRJ^6F^0^Afrijet Airlines^^^^^http://en.wikipedia.org/wiki/Afrijet_Airlines^en|Afrijet Airlines|^LOS^air-afrijet-airlines^1
air-air-cargo-carriers-v1^1^1986-01-01^2003-12-31^SNC^2Q^0^Air Cargo Carriers^^^^C^http://en.wikipedia.org/wiki/Air_Cargo_Carriers^en|Air Cargo Carriers|^^air-air-cargo-carriers^1
air-air-mediterranee-v1^1^1995-01-01^2016-02-15^BIE^ML^853^Air Mediterranee^^^^^http://en.wikipedia.org/wiki/Air_M%C3%A9diterran%C3%A9e^en|Air Mediterranee|^LDE=LYS=NTE^air-air-mediterranee^1
air-airlink-papua-new-guinea-v1^1^1990-06-01^2007-07-30^^ND^^Airlink (Papua New Guinea)^^^^^http://en.wikipedia.org/wiki/Airlink_(Papua_New_Guinea)^en|Airlink (Papua New Guinea)|^^air-airlink-papua-new-guinea^1
air-airmax-v1^1^^2015-05-01^DAP^X8^0^Airmax^^^^^^en|Airmax|^^air-airmax^1
air-airways-international-v1^1^1981-01-01^1999-12-31^AWB^HO^0^Airways International^^^^^http://en.wikipedia.org/wiki/Airways_International^en|Airways International|^^air-airways-international^1
air-air-alps-aviation-v1^1^1999-01-01^2014-03-01^LPV^A6^527^Air Alps Aviation^^^^^http://en.wikipedia.org/wiki/Air_Alps^en|Air Alps Aviation|^^air-air-alps-aviation^1
air-air-armenia-v1^1^2003-01-01^2014-10-31^ARR^QN^907^Air Armenia^^^^^http://en.wikipedia.org/wiki/Air_Armenia^en|Air Armenia|=fa|ایر آرمنیا|=hy|Էյր Արմենիա|=ru|Эйр Армения|=sign|AIR ARMENIA|=zh|亞美尼亞航空|^^air-air-armenia^1
air-air-bashkortostan-v1^1^2006-04-10^2013-10-09^^ZU^894^Air Bashkortostan^^^^^http://en.wikipedia.org/wiki/Air_Bashkortostan^en|Air Bashkortostan|^^air-air-bashkortostan^1
air-air-horizons-v1^1^1962-01-01^2005-11-30^EUH^RN^0^Air Horizons^^^^^http://en.wikipedia.org/wiki/Air_Horizons^en|Euralair|h=en|Air Horizons|p^^air-air-horizons^1
air-air-gabon-v1^1^1951-01-01^2006-12-31^AGN^GN^185^Air Gabon^^^^^http://en.wikipedia.org/wiki/Air_Gabon^en|Air Gabon|^LBV^air-air-gabon^1
air-air-ivoire-v1^1^1960-01-01^2011-12-31^VUN^VU^943^Air Ivoire^^^^^http://en.wikipedia.org/wiki/Air_Ivoire^en|Air Ivoire|^^air-air-ivoire^1
air-air-luxor-v1^1^1988-01-01^2006-09-30^LXG^L8^0^Air Luxor^^^^^http://en.wikipedia.org/wiki/Air_Luxor^en|Air Luxor|^^air-air-luxor^1
air-air-malawi-v1^1^1964-03-01^2013-02-28^AML^QM^167^Air Malawi^^^^^http://en.wikipedia.org/wiki/Air_Malawi^en|Air Malawi|^^air-air-malawi^1
air-air-mali-v1^1^2005-01-01^2012-08-01^CMM^I5^261^Air Mali^^^^^http://en.wikipedia.org/wiki/Air_Mali_(2005)^en|Air Mali|^^air-air-mali^1
air-air-marshall-islands-v1^1^1980-01-01^2015-12-31^MRS^CW^0^Air Marshall Islands^^^^^http://en.wikipedia.org/wiki/Air_Marshall_Islands^en|Air Marshall Islands|=ja|マーシャル諸島航空|=zh|馬紹爾群島航空|^MAJ^air-air-marshall-islands^1
air-air-midwest-v1^1^1967-04-01^2008-06-30^AMW^ZV^0^Midwest Airlines^^^^^http://en.wikipedia.org/wiki/Air_Midwest^en|Midwest Airlines|^^air-air-midwest^1
air-air-next-v1^1^2004-08-20^2010-12-31^NXA^7A^0^Air Next^Haines Air^^^^http://en.wikipedia.org/wiki/Air_Next^en|Air Next|=en|Haines Air|^^air-air-next^1
air-air-nippon-v1^1^1974-10-10^2012-04-01^ANK^EL^0^Air Nippon^^^^^http://en.wikipedia.org/wiki/Air_Nippon^en|Air Nippon|^^air-air-nippon^1
air-air-one-v1^1^1983-01-01^2014-10-30^ADH^AP^867^Air One^^^^^http://en.wikipedia.org/wiki/Air_One^en|Air One|p=en|Aliadriatica|h^FCO^air-air-one^1
air-air-onix-v1^1^2012-04-28^2013-12-31^^OG^130^Air Onix^^^^^http://en.wikipedia.org/wiki/Air_Onix^en|Air Onix|^^air-air-onix^1
air-air-slovakia-v1^1^1994-01-01^2010-06-01^SVK^GM^0^Air Slovakia^^^^^http://en.wikipedia.org/wiki/Air_Slovakia^en|Air Slovakia|^^air-air-slovakia^1
air-air-sunshine-v1^1^1982-01-01^2015-06-30^RSI^YI^0^Air Sunshine^^^^^http://en.wikipedia.org/wiki/Air_Sunshine^en|Air Sunshine|^^air-air-sunshine^1
air-ak-bars-aero-v1^1^2010-01-01^2015-01-12^BGM^2B^441^Ak Bars Aero^^^^P^http://en.wikipedia.org/wiki/Ak_Bars_Aero^en|Ak Bars Aero|^KZN=UUA^air-ak-bars-aero^1
air-alpi-eagles-v1^1^1979-01-01^2007-12-31^ELG^E8^0^Alpi Eagles^^^^^http://en.wikipedia.org/wiki/Alpi_Eagles^en|Alpi Eagles|^^air-alpi-eagles^1
air-al-naser-airlines-v1^1^2009-02-01^2013-12-31^MHK^6N^503^Al Naser Airlines^^^^^http://en.wikipedia.org/wiki/Al-Naser_Airlines^en|Al Naser Airlines|^^air-al-naser-airlines^1
air-alajnihah-air-transport-v1^1^^2015-04-01^ANH^2T^311^Alajnihah Airways^^^^^http://en.wikipedia.org/wiki/Alajnihah_Airways^en|Alajnihah Airways|^^air-alajnihah-air-transport^1
air-alidaunia-v1^1^^2015-12-31^LID^D4^0^Alidaunia^^^^^^en|Alidaunia|^^air-alidaunia^1
air-amadeus-8z-v1^1^^2014-06-01^^8Z^0^Amadeus 8Z^Amadeus 8Z^^^D^^en|Amadeus 8Z|=en|Amadeus 8Z|^^air-amadeus-8z^1
air-amadeus-pdf-2d-v1^1^2010-09-01^2010-09-30^^2D^0^Amadeus PDF 2D^^^^D^^en|Amadeus PDF 2D|^^air-amadeus-pdf-2d^1
air-angkor-airways-v1^1^2007-01-01^2008-12-31^AKW^G6^0^Angkor Airways^^^^^http://en.wikipedia.org/wiki/Angkor_Airways^en|Angkor Airways|^PNH^air-angkor-airways^1
air-armavia-v1^1^1996-01-01^2013-04-01^RNV^U8^669^Armavia^^^^^http://en.wikipedia.org/wiki/Armavia^en|Armavia|=en|Armenian International Airways|h=hy|Արմավիա|^^air-armavia^1
air-armenian-international-airways-v1^1^2002-07-12^2004-12-31^RML^MV^0^Armenian International Airways^^^^^http://en.wikipedia.org/wiki/Armenian_International_Airways^en|Armavia|=en|Armenian International Airways|h=hy|Հայկական Միջազգային Ավիաուղիներ|^^air-armenian-international-airways^1
air-arctic-circle-air-v1^1^1953-01-01^2009-12-31^CIR^5F^0^Arctic Circle Air^^^^^http://en.wikipedia.org/wiki/Arctic_Circle_Air^en|Arctic Circle Air|^SPN^air-arctic-circle-air^1
air-ata-airlines-v1^1^1973-01-01^2008-04-03^AMT^TZ^0^ATA Airlines^American Trans Air^^^^http://en.wikipedia.org/wiki/ATA_Airlines^en|ATA Airlines|=en|American Trans Air|^^air-ata-airlines^1
air-athens-airways-v1^1^2008-01-01^2010-12-31^ATW^ZF^0^Athens Airways^^^^^http://en.wikipedia.org/wiki/Athens_Airways^en|Athens Airways|^^air-athens-airways^1
air-augsburg-airways-v1^1^1980-01-01^2013-12-31^AUB^IQ^614^Augsburg Airways^^^^^http://en.wikipedia.org/wiki/Augsburg_Airways^en|Augsburg Airways|^^air-augsburg-airways^1
air-aviacsa-v1^1^1990-01-01^2011-12-31^CHP^6A^0^Aviacsa^^^^^http://en.wikipedia.org/wiki/Aviacsa^en|Consorcio Aviaxsa, S.A. de C.V.|=en|Aviacsa|ps^^air-aviacsa^1
air-aviaenergo-v1^1^1992-01-01^2011-12-31^ERG^7U^765^Aviaenergo^^^^^http://en.wikipedia.org/wiki/Aviaenergo^en|Aviaenergo|^^air-aviaenergo^1
air-aviana-airways-v1^1^2008-01-01^2014-01-01^RRY^4A^0^Aviana Airways^Royal Bengal Airline^^^^http://en.wikipedia.org/wiki/Royal_Bengal_Airline^en|Aviana Airways|=en|Royal Bengal Airline|^^air-aviana-airways^1
air-avianova-v1^1^2009-08-27^2011-10-10^NET^AO^0^Avianova^^^^^http://en.wikipedia.org/wiki/Avianova_(Russia)^en|Avianova Lcc|^MOW^air-avianova^1
air-aviaprad-v1^1^1996-01-01^2008-02-05^VID^WR^0^Aviaprad^^^^^http://en.wikipedia.org/wiki/Aviaprad^en|Aviaprad|^^air-aviaprad^1
air-avitrans-nordic-v1^1^2004-01-01^2010-12-31^ETS^2Q^0^Avitrans Nordic^^^^T^http://en.wikipedia.org/wiki/Avitrans^en|Avitrans Nordic|^^air-avitrans-nordic^1
air-axis-lines-v1^1^2005-01-01^2006-01-01^^O8^0^Axis International Lines^^^^^http://en.wikipedia.org/wiki/Axis_Lines_International^en|Axis International Lines|^^air-axis-lines^1
air-batavia-air-v1^1^2002-01-01^2013-01-31^BTV^Y6^0^Batavia Air^^^^^http://en.wikipedia.org/wiki/Batavia_Air^en|Batavia Air|^CGK^air-batavia-air^1
air-benin-golf-v1^1^2002-01-01^2012-07-31^BGL^A8^0^Benin Golf Air^^^^^http://en.wikipedia.org/wiki/Benin_Golf_Air^en|Benin Golf Air|^^air-benin-golf^1
air-bismilah-airlines-v1^1^1998-01-01^2015-01-01^^5Z^0^Bismillah Airlines^^^^^http://en.wikipedia.org/wiki/Bismillah_Airlines^en|Bismillah Airlines|^^air-bismilah-airlines^1
air-brindabella-airlines-v1^1^^2013-12-14^^FQ^0^Brindabella Airlines^^^^P^http://en.wikipedia.org/wiki/Brindabella_Airlines^en|Brindabella Airlines|^^air-brindabella-airlines^1
air-british-midland-international-v1^1^1938-01-01^2012-10-27^BMA^BD^236^British Midland International^^^^^http://en.wikipedia.org/wiki/British_Midland_International^en|British Midland International|^^air-british-midland-international^1
air-buffalo-airways-v1^1^1978-05-13^2015-11-30^BFL^J4^^Buffalo Airways^^^^^http://en.wikipedia.org/wiki/Buffalo_Airways^en|Buffalo Airways|=sign||BUFFALO^^air-buffalo-airways^1
air-business-air-v1^1^2009-12-01^2015-01-16^BCC^8B^0^Intira Airlines^Business Air^^^^http://en.wikipedia.org/wiki/Intira_Airlines^en|Intira Airlines|=en|Business Air|^^air-business-air^1
air-bvi-airways-v1^1^2010-05-05^2014-09-30^BVI^XV^0^BVI Airways^^^^^http://en.wikipedia.org/wiki/BVI_Airways^en|BVI Airways|^^air-bvi-airways^1
air-cai-first-v1^1^1997-10-01^2008-12-31^SMX^XM^0^CAI First^Alitalia Express^^^^http://en.wikipedia.org/wiki/CAI_First^en|CAI First|=en|Alitalia Express|^^air-cai-first^1
air-cai-second-v1^1^^2009-01-12^VLE^VE^0^CAI Second^Volare^^^^http://en.wikipedia.org/wiki/CAI_Second^en|CAI Second|=en|Volare|^^air-cai-second^1
air-cambodia-airlines-v1^1^2013-01-01^2014-12-31^CCL^Y6^0^Cambodia Airlines^^^^^http://en.wikipedia.org/wiki/Cambodia_Airlines^en|Cambodia Airlines|^PNH^air-cambodia-airlines^1
air-canadian-airlines-v1^1^1987-01-01^2000-12-31^CDN^CP^0^Canadian Airlines^^^^^http://en.wikipedia.org/wiki/Canadian_Airlines^en|Canadian Airlines|^^air-canadian-airlines^1
air-cargolux-italia-v1^1^^2013-12-31^^C8^0^Cargolux Italia^^^^C^^en|Cargolux Italia|^^air-cargolux-italia^1
air-caspian-airlines-v1^1^1993-01-01^2015-12-31^CPN^IV^864^Caspian Airlines^^^^^http://en.wikipedia.org/wiki/Caspian_Airlines^en|Caspian Airlines|^^air-caspian-airlines^1
air-centre-avia-v1^1^2000-01-01^2010-12-31^CVC^J7^0^Centre-Avia^^^^^http://en.wikipedia.org/wiki/Centre-Avia^en|Centre-Avia|=ru|Авиакомпания "ЦЕНТР-АВИА"|^BKA^air-centre-avia^1
air-chanchangi-airlines-v1^1^1994-01-01^2015-01-01^NCH^5B^0^Chanchangi Airlines^^^^^http://en.wikipedia.org/wiki/Chanchangi_Airlines^en|Chanchangi Airlines|^^air-chanchangi-airlines^1
air-charter-air-transport-v1^1^1997-01-01^2014-12-31^SRY^VC^0^Charter Air Transport^ViaAir^^^^http://en.wikipedia.org/wiki/Charter_Air_Transport^en|Charter Air Transport|=en|ViaAir|^^air-charter-air-transport^1
air-china-xinhua-airlines-v1^1^1992-01-01^2007-11-29^CXH^XW^0^China Xinhua Airlines^^^^^http://en.wikipedia.org/wiki/China_Xinhua_Airlines^en|China Xinhua Airlines|=pny|Zhōngguó Xīnhuá Hángkōng|=sign|XINHUA|=yue|中國新華航空|=wuu|中国新华航空|^^air-china-xinhua-airlines^1
air-cimber-air-v1^1^1950-01-01^2012-12-31^CIM^QI^647^Cimber Sterling^Cimber Air^^^^http://en.wikipedia.org/wiki/Cimber_Sterling^en|Cimber Sterling|=en|Cimber Air|^^air-cimber-air^1
air-cirrus-airlines-v1^1^1995-02-01^2012-01-20^RUS^C9^251^Cirrus Airlines^^^^^http://en.wikipedia.org/wiki/Cirrus_Airlines^en|Cirrus Airlines|^^air-cirrus-airlines^1
air-city-airline-v1^1^1997-01-01^2011-11-29^SDR^CF^419^City Airline^Skyways^^^^http://en.wikipedia.org/wiki/City_Airline^en|City Airline|=en|Skyways|^^air-city-airline^1
air-club-air-v1^1^2002-10-01^2008-05-31^ISG^6P^0^Club Air^^^^^http://en.wikipedia.org/wiki/Club_Air^en|Club Air|^^air-club-air^1
air-comair-delta-v1^1^1977-01-01^2012-09-29^COM^OH^0^Comair^^^^^http://en.wikipedia.org/wiki/Comair^en|Comair|^^air-comair-delta^1
air-air-comet-v1^1^1996-01-01^2009-12-21^MPD^A7^0^Air Comet^Air Plus Comet^^^^http://en.wikipedia.org/wiki/Air_Comet^en|Air Comet|=en|Air Plus Comet|^^air-air-comet^1
air-bukovyna-airlines-v1^1^1999-01-01^2015-12-31^BKV^BQ^616^Bukovyna Airlines^^^^^http://en.wikipedia.org/wiki/Bukovyna_Airlines^en|Bukovyna Airlines|p=en|Bukovyna Aviation Enterprise|^^air-bukovyna-airlines^1
air-congo-express-v1^1^2010-01-01^2014-01-01^CXR^9X^0^Congo Express^New Axis Air^^^^http://en.wikipedia.org/wiki/Congo_Express^en|Congo Express|=en|New Axis Air|^^air-congo-express^1
air-continental-airlines-v1^1^^2010-09-30^COA^CO^5^Continental Airlines^Continental^^^^http://fr.wikipedia.org/wiki/Continental_Airlines^en|Continental Airlines|=en|Continental|^^air-continental-airlines^1
air-continental-micronesia-v1^1^1968-05-16^2010-12-22^CMI^CS^0^Continental Micronesia^^^^^http://en.wikipedia.org/wiki/Continental_Micronesia^en|Continental Micronesia|^^air-continental-micronesia^1
air-crystal-thai-airlines-v1^1^2011-02-01^2011-12-31^KPS^YL^0^Crystal Thai Airlines^^^^^http://en.wikipedia.org/wiki/Crystal_Thai_Airlines^en|Crystal Thai Airlines|^^air-crystal-thai-airlines^1
air-cyprus-airways-v1^1^1947-01-01^2015-01-09^CYP^CY^48^Cyprus Airways^^^^^http://en.wikipedia.org/wiki/Cyprus_Airways^en|Cyprus Airways|^^air-cyprus-airways^1
air-czech-connect-airlines-v1^1^2011-01-01^2012-01-31^CCG^CQ^909^Czech Connect Airlines^^^^^http://en.wikipedia.org/wiki/Czech_Connect_Airlines^en|Czech Connect Airlines|^^air-czech-connect-airlines^1
air-darwin-airline-v1^1^^2014-10-31^DWT^0D^779^Darwin Airline^^^^^http://en.wikipedia.org/wiki/Darwin_Airline^en|Darwin Airline|^^air-darwin-airline^1
air-deer-jet-airlines-v1^1^2006-01-01^2010-05-31^CBJ^JD^0^Deer Jet Airlines^Deer Air^^^^http://en.wikipedia.org/wiki/Beijing_Capital_Airlines^en|Deer Jet Airlines|=en|Deer Air|^^air-deer-jet-airlines^1
air-denim-air-v1^1^1996-01-01^2009-12-31^DNM^J7^0^Denim Air^^^^^http://en.wikipedia.org/wiki/Denim_Air^en|Denim Air|^AMS=MST^air-denim-air^1
air-deta-air-v1^1^2006-01-01^2013-12-31^DET^9D^0^DETA Air^^^^^http://en.wikipedia.org/wiki/DETA_Air^en|DETA Air|p=en|D.E.T.A. LLP|^ALA^air-deta-air^1
air-deutsche-ba-v1^1^1992-01-01^2003-12-31^BAG^DI^0^Deutsche BA^^^^^http://en.wikipedia.org/wiki/DBA_(airline)^en|Deutsche BA|h=en|dba|ps=en|Delta Air Regionalflugverkehr|h^MUC^air-deutsche-ba^1
air-deutsche-ba-v2^1^2004-01-01^2008-12-31^BAG^DI^0^dba^^^^^http://en.wikipedia.org/wiki/DBA_(airline)^en|Deutsche BA|h=en|dba|ps=en|Delta Air Regionalflugverkehr|h^MUC^air-deutsche-ba^2
air-djibouti-airlines-v1^1^1996-01-01^2009-07-31^DJB^D8^0^Djibouti Airlines^^^^^http://en.wikipedia.org/wiki/Djibouti_Airlines^en|Djibouti Airlines|^^air-djibouti-airlines^1
air-donbassaero-airlines-v1^1^1993-01-01^2013-01-14^UDC^7D^897^Donbassaero^^^^^http://en.wikipedia.org/wiki/Donbassaero^en|Donbassaero|=he|דונבאסאירו|=ja|ドンバスアエロ|=ko|도바스아에로|=ru|Донбассаэро|=sign|DONBASS AERO|=uk|Донбасаеро|=zh|頓巴斯航空|^^air-donbassaero-airlines^1
air-dutch-antilles-express-v1^1^2005-01-01^2013-09-19^DNL^9H^0^Dutch Antilles Express^Dae^^^^http://en.wikipedia.org/wiki/Dutch_Antilles_Express^en|Dutch Antilles Express|==abbr|dae|^^air-dutch-antilles-express^1
air-enkor-jsc-v1^1^1986-01-01^2005-12-31^ENK^H6^0^Enkor^^^^^http://en.wikipedia.org/wiki/Enkor^en|Enkor|^^air-enkor-jsc^1
air-estafeta-carga-aerea-v1^1^^2013-12-31^^E7^^Estafeta Carga Aerea^Estafeta Carga Aerea^^^C^^en|Estafeta Carga Aerea|=en|Estafeta Carga Aerea|^^air-estafeta-carga-aerea^1
air-euralair-v1^1^1964-01-01^2003-11-30^ERL^RN^0^Euralair^^^^^http://en.wikipedia.org/wiki/Euralair^en|Euralair|h=en|Air Horizons|p^^air-euralair^1
air-eurocypria-airlines-v1^1^1992-06-12^2010-11-04^ECA^UI^0^Eurocypria Airlines^^^^^http://en.wikipedia.org/wiki/Eurocypria_Airlines^en|Eurocypria Airlines|^LCA=PFO^air-eurocypria-airlines^1
air-eurofly-v1^1^1989-05-26^2010-02-28^EEZ^GJ^0^Eurofly^^^^^http://en.wikipedia.org/wiki/Eurofly^en|Eurofly|^BLQ=FCO=MXP^air-eurofly^1
air-eurolot-v1^1^1996-01-01^2015-03-31^ELO^K2^78^Eurolot^^^^^http://en.wikipedia.org/wiki/Eurolot^en|Eurolot|^^air-eurolot^1
air-euromanx-v1^1^2002-08-19^2008-05-09^EMX^3W^0^EuroManx^^^^^http://en.wikipedia.org/wiki/EuroManx^en|Malawian Airlines|=en|EuroManx|^^air-euromanx^1
air-european-executive-express-v1^1^1997-01-01^2005-12-31^EXC^RY^0^European Executive Express^^^^^http://en.wikipedia.org/wiki/European_Executive_Express^en|European Executive Express|^^air-european-executive-express^1
air-exel-nl-v1^1^1991-04-26^2005-01-31^AXT^XT^0^^Air Exel^^^^http://en.wikipedia.org/wiki/Air_Exel^en||=en|Air Exel|^^air-exel-nl^1
air-eznis-airways-v1^1^^2013-12-31^EZA^EF^646^Eznis Airways^Eznis Airways^^^PC^^en|Eznis Airways|=en|Eznis Airways|^^air-eznis-airways^1
air-farnair-switzerland-v1^1^1984-01-01^2015-03-01^FAT^FT^0^Farnair Switzerland^^^^^http://en.wikipedia.org/wiki/Farnair_Switzerland^en|Farnair Switzerland|^^air-farnair-switzerland^1
air-finncomm-airlines-v1^1^1993-01-01^2011-12-31^FCM^FC^216^Finncomm Airlines^^^^^http://en.wikipedia.org/wiki/Finncomm_Airlines^en|Finncomm Airlines|^^air-finncomm-airlines^1
air-florida-coastal-airlines-v1^1^1995-01-01^2014-06-06^FCL^PA^0^Florida Coastal Airlines^^^^P^http://en.wikipedia.org/wiki/Florida_Coastal_Airlines^en|Florida Coastal Airlines|^^air-florida-coastal-airlines^1
air-flycongo-v1^1^^2013-31-12^ALX^EO^663^Flycongo^^^^^^en|Flycongo|^^air-flycongo^1
air-flywell-airlines-v1^1^1995-01-01^2003-12-12^FEM^YZ^0^Zimbabwe Airlink^Flywell Airlines^^^P^http://en.wikipedia.org/wiki/Zimbabwe_Airlink^en|Zimbabwe Airlink|=en|Flywell Airlines|^^air-flywell-airlines^1
air-fly-georgia-v1^1^2011-01-01^2013-12-31^FGE^9Y^671^Fly Georgia^^^^^http://en.wikipedia.org/wiki/Fly_Georgia^en|Fly Georgia|^^air-fly-georgia^1
air-freedom-airlines-v1^1^2002-01-01^2010-12-31^FRL^F8^0^Freedom Airlines^Air Montreal^^^^http://en.wikipedia.org/wiki/Freedom_Airlines^en|Freedom Airlines|=en|Air Montreal|^^air-freedom-airlines^1
air-freedom-air-v1^1^1974-01-01^2015-03-01^FRE^FP^224^Freedom Air^^^^^http://en.wikipedia.org/wiki/Freedom_Air_(Guam)^en|Freedom Air|^^air-freedom-air^1
air-freshair-v1^1^^2013-12-31^FZW^Z7^0^Freshair^Easeon Air^^^^^en|Freshair|=en|Easeon Air|^^air-freshair^1
air-gamair-v1^1^^2014-06-01^BIH^BS^0^British International^Gamair^^^^^en|British International|=en|Gamair|^^air-gamair^1
air-gambia-airlines-v1^1^1996-01-23^2004-04-30^GNR^GC^34^Gambia International Airlines^Gambia Intl^^^^http://en.wikipedia.org/wiki/Gambia_International_Airlines^en|Gambia International Airlines|=en|Gambia Intl|^^air-gambia-airlines^1
air-gambia-bird-airlines-v1^1^2012-10-01^2014-12-31^GBQ^3G^213^Gambia Bird^^^^^http://en.wikipedia.org/wiki/Gambia_Bird^en|Gambia Bird|^^air-gambia-bird-airlines^1
air-euroline-airlines-v1^1^2004-07-01^2010-12-31^MJX^4L^0^Euroline Airlines^^^^^http://en.wikipedia.org/wiki/Georgian_International_Airlines^en|Georgian International Airlines|p=en|Euroline Airlines|h^^air-euroline-airlines^1
air-euroline-airlines-v2^1^2011-01-01^2014-09-30^GIL^4L^0^Georgian International Airlines^^^^^http://en.wikipedia.org/wiki/Georgian_International_Airlines^en|Georgian International Airlines|p=en|Euroline Airlines|h^^air-euroline-airlines^2
air-gb-airways-v1^1^1931-01-01^2008-03-30^^GT^0^GB Airways^^^^^http://en.wikipedia.org/wiki/GB_Airways^en|GB Airways|^LGW^air-gb-airways^1
air-ghadames-air-transport-v1^1^2004-01-01^2006-12-31^GHT^G6^0^Ghadames Air Transport^^^^^http://en.wikipedia.org/wiki/Ghadames_Air_Transport^en|Ghadames Air Transport|^^air-ghadames-air-transport^1
air-girjet-v1^1^2003-07-31^2008-04-30^GJT^8G^0^Girjet^^^^^http://en.wikipedia.org/wiki/Girjet^en|Girjet|^^air-girjet^1
air-gol-transportes-aereos-v1^1^2001-01-15^2016-04-30^GOL^G3^127^Gol Transportes Aéreos^VRG Linhas Aéreas^^^^http://en.wikipedia.org/wiki/Gol_Transportes_A%C3%A9reos^en|Gol Transportes Aéreos|p=en|VRG Linhas Aéreas|^^air-gol-transportes-aereos^1
air-guizhou-airlines-v1^1^1991-01-01^1998-12-31^CGH^G4^0^Guizhou Airlines^^^^^http://en.wikipedia.org/wiki/Guizhou_Airlines^en|Guizhou Airlines|^^air-guizhou-airlines^1
air-haiti-aviation-v1^1^2013-01-01^2013-12-31^^H5^0^Haiti Aviation^^^^^^en|Haiti Aviation|^PAP^air-haiti-aviation^1
air-hamburg-airlines-v1^1^1988-04-01^1997-12-21^HAS^HX^0^Hamburg Airlines^^^^^http://en.wikipedia.org/wiki/Hamburg_Airlines^en|Hamburg Airlines|=sign|Hamburg Air|^^air-hamburg-airlines^1
air-hamburg-airways-v1^1^2011-03-01^2014-12-31^HAY^HK^516^Hamburg Airways^^^^^http://en.wikipedia.org/wiki/Hamburg_Airways^en|Hamburg Airways|^DUS=HAJ=HAM^air-hamburg-airways^1
air-hamburg-international-v1^1^1998-07-01^2010-10-20^HHI^4R^0^Hamburg International^^^^^http://en.wikipedia.org/wiki/Hamburg_International^en|Hamburg International|^^air-hamburg-international^1
air-helitrans-as-v1^1^1996-06-21^2015-01-01^LLR^9I^0^Helitrans^Helitrans AS^^^^http://en.wikipedia.org/wiki/Helitrans^en|Helitrans|=en|Helitrans AS|^^air-helitrans-as^1
air-helitt-lineas-aereas-v1^1^2011-11-01^2014-10-31^HTH^H9^221^Helitt Líneas Aereas^^^^^http://en.wikipedia.org/wiki/Helitt_L%C3%ADneas_A%C3%A9reas^en|Helitt Líneas Aereas|^^air-helitt-lineas-aereas^1
air-heli-securite-v1^1^^2015-01-01^HLI^H4^0^Heli Securite^^^^^^en|Heli Securite|^^air-heli-securite^1
air-hellenic-imperial-airways-v1^1^2006-05-01^2015-05-01^IMP^HT^570^Hellenic Imperial Airways^^^^^http://en.wikipedia.org/wiki/Hellenic_Imperial_Airways^en|Hellenic Imperial Airways|^^air-hellenic-imperial-airways^1
air-hermes-airlines-v1^1^2011-08-01^2015-02-15^HRM^H3^490^Hermes Airlines^^^^^http://en.wikipedia.org/wiki/Hermes_Airlines^en|Hermes Airlines|^ATH^air-hermes-airlines^1
air-hesa-airlines-v1^1^2010-01-01^2015-12-31^SPN^H8^0^HESA Airlines^^^^^http://en.wikipedia.org/wiki/Sepahan_Airlines^en|HESA Airlines|^IFH^air-hesa-airlines^1
air-highland-airways-v1^1^1991-01-01^2010-03-24^HWY^8H^0^Highland Airways^Air Alba^^^^http://en.wikipedia.org/wiki/Highland_Airways^en|Highland Airways|=en|Air Alba|^^air-highland-airways^1
air-indonesia-air-transport-v1^1^1968-01-01^2015-12-31^IDA^I7^0^Indonesia Air Transport^^^^^http://en.wikipedia.org/wiki/Indonesia_Air_Transport^abbr|IAT|=en|Indonesia Air Transport|=sign|INTRA|^^air-indonesia-air-transport^1
air-interlink-airlines-v1^1^1998-01-01^2010-12-31^ITK^ID^0^Interlink^^^^P^http://en.wikipedia.org/wiki/Interlink_Airlines^en|Interlink|^^air-interlink-airlines^1
air-inter-airlines-v1^1^1999-12-17^2008-11-18^INX^6K^0^Inter Airlines^^^^^http://en.wikipedia.org/wiki/Inter_Airlines^en|Inter Airlines|^^air-inter-airlines^1
air-investavia-v1^1^2007-01-01^2015-06-30^TLG^IV^0^InvestAvia^^^^^^en|InvestAvia|^^air-investavia^1
air-iraqi-airways-v1^1^1946-01-28^2016-05-31^IAW^IA^73^Iraqi Airways^^^^^http://en.wikipedia.org/wiki/Iraqi_Airways^en|Iraqi Airways|^BGW^air-iraqi-airways^1
air-island-airlines-v1^1^1930-01-01^2015-12-11^ISA^IS^0^Island Airlines^^^^^http://en.wikipedia.org/wiki/Island_Airlines^en|Island Airlines|^^air-island-airlines^1
air-islas-airways-v1^1^2003-02-01^2012-10-15^ISW^IF^0^Islas Airways^^^^^http://en.wikipedia.org/wiki/Islas_Airways^en|Islas Airways|^^air-islas-airways^1
air-karthago-airlines-v1^1^2002-01-01^2010-12-31^KAJ^5R^0^Karthago Airlines^^^^^http://en.wikipedia.org/wiki/Nouvelair^en|Nouvelair|p=en|Karthago Airlines|h^DJE^air-karthago-airlines^1
air-katmai-air-v1^1^^2015-12-31^^KT^0^Katmai Air^^^^^http://www.katmailand.com/air-services^en|Katmai Air|^BKF^air-katmai-air^1
air-kd-v1^1^1990-01-01^2013-09-30^KDC^XC^0^KD Air^^^^^http://en.wikipedia.org/wiki/KD_Air^en|KD Air|=sign|KAYDEE|^YVR^air-kd^1
air-kyrgyz-airlines-v1^1^2013-01-01^2013-01-31^KGZ^LK^915^Kyrgyz Airlines^^^^^^en|Kyrgyz Airlines|^FRU^air-kyrgyz-airlines^1
air-lade-v1^1^1940-09-01^2014-12-31^LDE^5U^0^LADE^Líneas Aéreas del Estado^^^^http://en.wikipedia.org/wiki/LADE^en|LADE|=en|Líneas Aéreas del Estado|^^air-lade^1
air-lagunair-lineas-aeras-v1^1^2003-09-29^2008-12-31^LGA^N7^0^LagunAir^LagunAir Líneas Aéreas^^^^http://en.wikipedia.org/wiki/LagunAir^en|LagunAir|=en|LagunAir Líneas Aéreas|^^air-lagunair-lineas-aeras^1
air-lao-central-airlines-v1^1^2010-01-01^2014-12-31^LKA^LF^971^Lao Central^^^^^http://en.wikipedia.org/wiki/Lao_Central_Airlines^en|Lao Central|=sign|NAKLAO|^VTE^air-lao-central-airlines^1
air-lao-skyway-v1^1^2002-01-01^2013-12-31^LLL^LK^0^Lao Air^^^^^http://en.wikipedia.org/wiki/Lao_Skyway^en|Lao Air|h=en|Lao Skyway|p^VTE^air-lao-skyway^1
air-linea-aerea-cuencana-v1^1^2012-01-01^2015-01-01^LAC^L5^0^Línea Aerea Cuencana^^^^^http://en.wikipedia.org/wiki/L%C3%ADnea_A%C3%A9rea_Cuencana^en|Línea Aerea Cuencana|^^air-linea-aerea-cuencana^1
air-linea-turistica-aereotuy-v1^1^1982-01-01^2015-06-30^^L4^445^Línea Turística Aereotuy (LTA)^^^^^http://en.wikipedia.org/wiki/L%C3%ADnea_Tur%C3%ADstica_Aereotuy^en|Línea Turística Aereotuy (LTA)|^^air-linea-turistica-aereotuy^1
air-macair-jet-v1^1^^2014-12-31^MCJ^VM^0^Macair Jet^^^^^^en|Macair Jet|^^air-macair-jet^1
air-macedonian-airlines-v1^1^1992-01-01^2003-12-31^MCS^MC^0^Macedonian Airlines^^^^^http://en.wikipedia.org/wiki/Macedonian_Airlines^en|Macedonian Airlines|^^air-macedonian-airlines^1
air-magadan-airlines-v1^1^1993-01-01^2006-07-31^MVL^H5^0^Magadan Airlines^^^^^http://en.wikipedia.org/wiki/MAVIAL_Magadan_Airlines^en|Mavial Magadan Airlines|=ru|ФГУП «Авиакомпания „Магаданские авиалинии“»|=sign|Mavial|^GDX^air-magadan-airlines^1
air-malev-hungarian-airlines-v1^1^1956-11-25^2012-02-03^MAH^MA^182^MALÉV Hungarian Airlines^MALEV Hungarian Airlines^^^^^en|MALÉV Hungarian Airlines|=en|MALÉV|s=he|מאלב, נתיבי אוויר הונגריים|=hu|Magyar Légiközlekedési Vállalat|=hu|MALÉV|s=ja|マレーヴ・ハンガリー航空|=ko|말레브 헝가리 항공|=ru|Малев Венгерские Авиалинии|=zh|匈牙利航空|^^air-malev-hungarian-airlines^1
air-malmo-aviation-v1^1^1981-01-01^2016-02-29^SCW^TF^276^Malmö Aviation^Malmo Aviation^^^^http://en.wikipedia.org/wiki/Malm%C3%B6_Aviation^en|Malmö Aviation|^^air-malmo-aviation^1
air-marsland-aviation-v1^1^^2013-11-30^MSL^M7^293^Marsland Aviation^^^^^http://en.wikipedia.org/wiki/Marsland_Aviation^en|Marsland Aviation|^^air-marsland-aviation^1
air-mat-airways-v1^1^2009-01-01^2011-12-31^^6F^0^MAT Airways^^^^^http://en.wikipedia.org/wiki/MAT_Airways^en|MAT Airways|^^air-mat-airways^1
air-mat-macedonian-airlines-v1^1^1994-01-01^2009-09-01^MAK^IN^0^MAT Macedonian Airlines^^^^^http://en.wikipedia.org/wiki/MAT_Macedonian_Airlines^en|MAT Macedonian Airlines|^^air-mat-macedonian-airlines^1
air-maxjet-airways-v1^1^2003-01-01^2007-12-24^MXJ^MY^0^MAXjet Airways^^^^^http://en.wikipedia.org/wiki/MAXjet_Airways^en|MAXjet Airways|^^air-maxjet-airways^1
air-max-air-nigeria-v1^1^2008-01-01^2015-04-01^NGL^VM^0^Max Air^^^^^http://en.wikipedia.org/wiki/Max_Air^en|Max Air|^^air-max-air-nigeria^1
air-merpati-nusantara-airlines-v1^1^1962-09-06^2014-02-15^MMA^MZ^532^Merpati Nusantara Airlines^^^^^http://en.wikipedia.org/wiki/Merpati_Nusantara_Airlines^en|Merpati Nusantara Airlines|=ja|メルパチ・ヌサンタラ航空|=ko|메르파티 누산타라 항공|=sign|MERPATI|^^air-merpati-nusantara-airlines^1
air-midwest-airlines-v1^1^1948-01-01^2011-12-31^MEP^YX^0^Midwest Airlines^^^^^http://en.wikipedia.org/wiki/Midwest_Airlines^en|Midwest Airlines|^^air-midwest-airlines^1
air-midwest-connect-v1^1^1994-01-01^2009-12-31^SYX^AL^0^Midwest Connect^Skyway Airlines^^^^http://en.wikipedia.org/wiki/Midwest_Connect^en|Midwest Connect|=en|Skyway Airlines|^^air-midwest-connect^1
air-minoan-air-v1^1^2011-09-07^2015-12-31^MAV^^^Minoan Air^^^^^http://en.wikipedia.org/wiki/Minoan_Air^en|Minoan Air|=en|First Airways|h=gr|Μινωικές Αερογραμμές|^HER^air-minoan-air^1
air-moskovia-airlines-v1^1^1995-10-04^2014-08-01^GAI^3R^520^Moskovia Airlines^^^^^http://en.wikipedia.org/wiki/Moskovia_Airlines^en|Moskovia Airlines|=en|Gromov Air|h=ru|Авиакомпания "Московия"|=sign|GROMOV AIRLINE|^^air-moskovia-airlines^1
air-national-airways-cameroon-v1^1^1999-11-01^2000-03-01^^9O^357^National Airways Cameroon^Aircameroon^^^^http://en.wikipedia.org/wiki/National_Airways_Cameroon^en|National Airways Cameroon|=en|Aircameroon|^^air-national-airways-cameroon^1
air-national-jet-systems-v1^1^1990-07-01^2009-02-28^NJS^NC^0^National Jet Systems^^^Affiliate^^http://en.wikipedia.org/wiki/Cobham_Aviation_Services_Australia^en|Cobham Aviation Services Australia|p=en|National Jet Systems|h^^air-national-jet-systems^1
air-nayzak-air-v1^1^2006-01-01^2009-12-31^NZA^M4^0^Nayzak Air^^^^^http://en.wikipedia.org/wiki/Nayzak_Air_Transport^ar|النيزك للنقل الجوي|=en|Nayzak Air|^^air-nayzak-air^1
air-nice-helicopteres-v1^1^^2014-12-31^^JX^179^Nice Helicopteres^^^^^^en|Nice Helicopteres|^^air-nice-helicopteres^1
air-nigeria-airways-v1^1^1958-10-01^2003-12-31^NGA^WT^0^Nigeria Airways^^^^^http://en.wikipedia.org/wiki/Nigeria_Airways^en|Nigeria Airways|^^air-nigeria-airways^1
air-norfolk-air-v1^1^2006-05-01^2012-02-26^NLK^N5^0^Norfolk Air^^^^^http://en.wikipedia.org/wiki/Norfolk_Air^en|Norfolk Air|^^air-norfolk-air^1
air-odessa-airlines-v1^1^1996-01-01^2006-12-31^ODS^5K^0^Odessa Airlines^^^^^http://en.wikipedia.org/wiki/Odessa_Airlines^en|Odessa Airlines|^^air-odessa-airlines^1
air-olt-express-germany-v1^1^1958-01-01^2013-01-30^OLT^OL^704^OLT Express Germany^^^^^http://en.wikipedia.org/wiki/OLT_Express_Germany^en|OLT Express Germany|^^air-olt-express-germany^1
air-orenair-v1^1^1992-01-01^2016-06-30^ORB^R2^291^Orenburg Airlines^^^^^http://en.wikipedia.org/wiki/Orenair^en|Orenburg Airlines|p=en|Orenair|=ru|Оренбургские авиалинии|^REN^air-orenair^1
air-overland-airways-v1^1^2003-11-26^2015-12-31^OLA^OJ^0^Overland Airways^^^^^http://en.wikipedia.org/wiki/Overland_Airways^en|Overland Airways|^^air-overland-airways^1
air-paramount-airways-v1^1^2005-10-01^2010-08-31^PMW^I7^0^Paramount Airways^^^^^http://en.wikipedia.org/wiki/Paramount_Airways^en|Paramount Airways|^^air-paramount-airways^1
air-perla-airlines-v1^1^^2015-01-01^PLV^DP^0^Perla Airlines^Air 2000^^^^http://www.airlineupdate.com/content_public/airlines/airlines-venezuela/perla.htm^en|Perla Airlines|=en|Air 2000|^^air-perla-airlines^1
air-pluna-v1^1^1936-09-01^2012-07-05^PUA^PU^286^PLUNA^^^^^http://en.wikipedia.org/wiki/PLUNA^en|PLUNA|^^air-pluna^1
air-pmt-air-v1^1^2003-01-14^2008-12-31^PMT^U4^0^PMTair^^^^^http://en.wikipedia.org/wiki/PMTair^en|PMTair|s=en|Progress MulTi Air|^^air-pmt-air^1
air-polet-airlines-v1^1^1988-01-01^2014-11-24^POT^YQ^342^Polet Airlines^^^^^http://en.wikipedia.org/wiki/Polet_Airlines^en|Polet Airlines|=ru|Авиакомпания Полёт|^^air-polet-airlines^1
air-prima-air-v1^1^1996-01-01^1996-12-31^^QG^0^Prima Air^^^^^http://en.wikipedia.org/wiki/Prima_Air^en|Prima Air|^^air-prima-air^1
air-private-wings-v1^1^1991-01-01^2016-05-31^PWF^8W^0^Private Wings^^^^^http://en.wikipedia.org/wiki/Private_Wings^en|Private Wings|^SXF^air-private-wings^1
air-rak-airways-v1^1^2007-01-01^2014-01-01^RKM^RT^0^RAK Airways^^^^^http://en.wikipedia.org/wiki/RAK_Airways^en|RAK Airways|^^air-rak-airways^1
air-rheintalflug-v1^1^^2013-12-31^^WE^0^Rheintal flug^^^^^^en|Rheintal flug|^^air-rheintalflug^1
air-royal-air-cambodge-v1^1^1994-01-01^2001-10-16^RAC^VJ^0^Royal Air Cambodge^^^^^http://en.wikipedia.org/wiki/Royal_Air_Cambodge^en|Royal Air Cambodge|=en|Air Cambodge|h=km|អាកាសចរណ៍ភូមិន្ទ កម្ពុជា|^PNH^air-royal-air-cambodge^1
air-saereo-v1^1^1994-01-01^2013-12-31^SRO^MZ^0^SAEREO^^^^^http://en.wikipedia.org/wiki/SAEREO^en|SAEREO|p=en|Servicios Aéreos Ejecutivos Saereo S.A.|=sign|SAEREO|^^air-saereo^1
air-salsa-d-haiti-v1^1^2008-01-01^2015-04-01^SLC^SO^340^Salsa d'Haiti^^^^^http://en.wikipedia.org/wiki/Salsa_d%27Ha%C3%AFti^en|Salsa d'Haiti|^^air-salsa-d-haiti^1
air-samara-airlines-v1^1^1992-01-01^2008-12-31^BRZ^E5^0^Samara Airlines^^^^^http://en.wikipedia.org/wiki/Samara_Airlines^en|Samara Airlines|^^air-samara-airlines^1
air-sarit-airlines-v1^1^1997-01-01^2004-06-30^BDR^J4^0^Badr Airlines^^^^^http://en.wikipedia.org/wiki/Badr_Airlines^en|Badr Airlines|p=en|Sarit Airlines|h^^air-sarit-airlines^1
air-sas-braathens-v1^1^1946-01-01^2007-12-31^CNO^BU^117^Scandinavian Airlines^^^Member^^http://en.wikipedia.org/wiki/SAS_Braathens^en|SAS Braathens|^^air-sas-braathens^1
air-scotairways-v1^1^^2013-03-31^SAY^CB^969^ScotAirways^ScotAirways^^^^http://en.wikipedia.org/wiki/Suckling_Airways^en|ScotAirways|=en|ScotAirways|^^air-scotairways^1
air-shanxi-airlines-v1^1^2001-07-06^2009-12-31^CXI^8C^0^Shanxi Airlines^Gamair^^^^http://en.wikipedia.org/wiki/Shanxi_Airlines^en|Shanxi Airlines|=sign|SHANXI|^^air-shanxi-airlines^1
air-sky-airlines-v1^1^2001-01-01^2013-06-04^SHY^ZY^438^Sky Airlines^^^^^http://en.wikipedia.org/wiki/Sky_Airlines^en|Sky Airlines|^^air-sky-airlines^1
air-sky-bishek-v1^1^2012-01-01^2015-06-30^BIS^GY^0^Sky Bishek^^^^^^en|Sky Bishek|^^air-sky-bishek^1
air-sky-express-v1^1^2007-01-29^2011-10-29^SXR^XW^0^Sky Express^^^^^http://en.wikipedia.org/wiki/Sky_Express^en|Sky Express|^^air-sky-express^1
air-sky-regional-airlines-v1^1^2011-05-01^2016-04-30^SKV^RS^0^Sky Regional Airlines^^^^^http://en.wikipedia.org/wiki/Sky_Regional_Airlines^en|Sky Regional Airlines|^YUL^air-sky-regional-airlines^1
air-sky-wings-airlines-v1^1^2006-06-01^2012-12-31^GSW^ND^171^Sky Wings Airlines^Intair Inc^^^^http://en.wikipedia.org/wiki/Sky_Wings_Airlines^en|Sky Wings Airlines|=en|Intair Inc|^^air-sky-wings-airlines^1
air-skynet-asia-v1^1^1997-01-01^2014-02-28^SNJ^LQ^0^Skynet Asia Airways^^^^^http://en.wikipedia.org/wiki/List_of_defunct_airlines_of_Japan^en|Skynet Asia Airways|^HND^air-skynet-asia^1
air-skystar-airways-v1^1^2007-06-16^2009-01-03^SKT^XT^0^^SkyStar Airways^^^^http://en.wikipedia.org/wiki/SkyStar_Airways^en||=en|SkyStar Airways|^^air-skystar-airways^1
air-skyways-v1^1^1993-01-01^2012-05-22^SKX^JZ^752^Skyways^^^^^http://en.wikipedia.org/wiki/Skyways_%28airline%29^en|Skyways|^^air-skyways^1
air-smart-aviation-v1^1^2007-05-03^2015-12-31^SME^M4^334^Smart Aviation^^^^^http://en.wikipedia.org/wiki/Smart_Aviation_Company^en|Smart Aviation|^^air-smart-aviation^1
air-south-african-airlink-v1^1^1978-01-01^2009-12-31^LNK^4Z^749^South African Airlink^^^^^http://en.wikipedia.org/wiki/Airlink^en|Airlink|p=en|South African Airlink|h^^air-south-african-airlink^1
air-south-african-airlink-v2^1^2010-01-01^2010-12-31^^4Z^^TTA Airlink^^^^P^http://en.wikipedia.org/wiki/TTA_Airlink^en|TTA Airlink|^^air-south-african-airlink^2
air-spanair-v1^1^1988-03-01^2012-01-27^JKK^JK^680^Spanair^^^^^http://en.wikipedia.org/wiki/Spanair^en|Spanair|^MAD=PMI=TFN^air-spanair^1
air-strategic-airlines-v1^1^2008-01-01^2012-02-17^AGC^VC^471^Strategic Airlines^Air Australia^^^^http://en.wikipedia.org/wiki/Air_Australia^en|Strategic Airlines|=en|Air Australia|^^air-strategic-airlines^1
air-svenska-direktflyg-v1^1^2000-10-01^2015-12-31^HSV^HS^198^Direktflyg^^^^^http://en.wikipedia.org/wiki/Direktflyg^en|Direktflyg|p=en|Svenska Direktflyg AB|=en|Sundsvall Aero|h^^air-svenska-direktflyg^1
air-swe-fly-v1^1^1994-01-01^2005-09-30^SWV^WV^857^Swe Fly^^^^^http://en.wikipedia.org/wiki/Swe_Fly^en|Swe Fly|^^air-swe-fly^1
air-tavrey-airlines-v1^1^1995-01-01^2008-12-31^TVR^T6^0^Tavrey Airlines^Tavrey Aircompany^^^^http://en.wikipedia.org/wiki/Tavrey_Airlines^en|Tavrey Airlines|=en|Tavrey Aircompany|^^air-tavrey-airlines^1
air-tibet-airlines-v1^^2010-03-01^2013-12-31^TBA^TV^88^Tibet Airlines^^^^^http://en.wikipedia.org/wiki/Tibet_Airlines^en|Tibet Airlines|^CTU=LXA^air-tibet-airlines^1
air-tibet-airlines-v2^^2014-01-01^2014-02-01^TBA^^^Tibet Airlines^^^^^http://en.wikipedia.org/wiki/Tibet_Airlines^en|Tibet Airlines|^CTU=LXA^air-tibet-airlines^2
air-tonlesap-airlines-v1^1^2011-01-21^2013-08-31^^K9^443^TonleSap Airlines^^^^^http://en.wikipedia.org/wiki/TonleSap_Airlines^en|TonleSap Airlines|^^air-tonlesap-airlines^1
air-transwest-air-v1^1^1955-01-01^1999-12-31^^9T^^Athabaska Airways^^^^^http://en.wikipedia.org/wiki/Transwest_Air^en|Athabaska|p=en|Athabaska Airways|h^YPA^air-transwest-air^1
air-tyrolean-airways-v1^1^1978-01-01^2015-03-31^TYR^VO^734^Tyrolean Airways^^^^^http://en.wikipedia.org/wiki/Tyrolean_Airways^en|Tyrolean Airways|^^air-tyrolean-airways^1
air-valuair-v1^1^2004-01-01^2014-10-26^VLU^VF^896^Valuair^^^^^http://en.wikipedia.org/wiki/Valuair^en|Valuair|h=en|Jetstar Asia Airways|=sign|VALUAIR|==zh|惠旅航空|^SIN^air-valuair^1
air-varig-v1^1^1927-05-07^2008-10-19^VRG^RG^^Varig Linhas^Viação Aérea Rio-Grandense S.A^^^^http://en.wikipedia.org/wiki/Varig^en|Varig Linhas|=en|Viação Aérea Rio-Grandense S.A|^^air-varig^1
air-velvet-sky-v1^1^2011-03-22^2012-02-27^VEL^VZ^0^Velvet Sky^^^^^http://en.wikipedia.org/wiki/Velvet_Sky_%28airline%29^en|Velvet Sky|=ko|벨벳 스카이|=sign|VELVET|^^air-velvet-sky^1
air-viaggio-air-v1^1^2003-02-27^2007-12-31^VOA^VM^0^Viaggio Air^^^^^http://en.wikipedia.org/wiki/Viaggio_Air^en|Viaggio Air|^^air-viaggio-air^1
air-vietnam-air-service-v1^1^1987-12-31^2015-09-01^VFC^0V^368^Vietnam Air Services Company^^^^^http://en.wikipedia.org/wiki/Vietnam_Air_Services_Company^en|Vietnam Air Services Company|^^air-vietnam-air-service^1
air-vip-wings-v1^1^2000-05-23^2013-11-20^VPA^V5^0^Danube Wings^VIP Wings^^^^http://en.wikipedia.org/wiki/Danube_Wings^en|Danube Wings|=en|VIP Wings|^^air-vip-wings^1
air-vista-georgia-v1^1^2014-08-04^2015-05-31^AJD^GT^0^flyvista^^^^^http://en.wikipedia.org/wiki/Flyvista^en|flyvista|p=en|Vista Georgia|^TBS^air-vista-georgia^1
air-wasaya-airways-v1^1^1989-01-01^2014-08-31^WSG^WT^0^Wasaya Airways^^^^^http://en.wikipedia.org/wiki/Wasaya_Airways^en|Wasaya Airways|^YQT^air-wasaya-airways^1
air-wataniya-airways-v1^1^2009-01-01^2011-03-17^WAN^KW^100^Wataniya Airways^^^^^http://en.wikipedia.org/wiki/Wataniya_Airways^en|Wataniya Airways|^^air-wataniya-airways^1
air-welcome-air-v1^1^2000-05-01^2015-03-31^WLC^2W^0^Welcome Air^^^^^http://en.wikipedia.org/wiki/Welcome_Air^en|Welcome Air|^^air-welcome-air^1
air-west-air-sweden-v1^1^1955-01-01^2015-04-01^SWN^PT^0^West Air Sweden^^^^^http://en.wikipedia.org/wiki/West_Air_Sweden^en|West Air Sweden|^^air-west-air-sweden^1
air-westcoast-air-v1^1^1996-01-01^2010-03-31^YWZ^8O^^Westcoast Air^^^^^http://en.wikipedia.org/wiki/Westcoast_Air^en|Westcoast Air|^YVR^air-westcoast-air^1
air-wizz-air-bulgaria-v1^1^2005-01-01^2011-12-31^WVL^8Z^0^Wizz Air Bulgaria^^^^^http://en.wikipedia.org/wiki/Wizz_Air_Bulgaria^en|Wizz Air Bulgaria|^^air-wizz-air-bulgaria^1
air-wizz-air-ukraine-v1^1^2008-01-01^2015-04-20^WAU^WU^0^Wizz Air Ukraine^^^^^http://en.wikipedia.org/wiki/Wizz_Air_Ukraine^en|Wizz Air Ukraine|=uk|Товариство з обмеженою відповідальністю|^^air-wizz-air-ukraine^1
air-zambian-airways-v1^1^1948-01-01^2009-12-31^MBN^Q3^0^Zambian Airways^^^^^http://en.wikipedia.org/wiki/Zambian_Airways^en|Zambian Airways|^^air-zambian-airways^1
tec-map-management-planning-v1^1^^2015-01-01^MPJ^AQ^0^Map Management Planning^^^^^^en|Map Management Planning|^^tec-map-management-planning^1
trn-express-rail-link-malaysia-v1^1^^2014-06-01^^5Y^0^Express Rail Link^^^^R^http://en.wikipedia.org/wiki/Express_Rail_Link^en|Express Rail Link|^^trn-express-rail-link-malaysia^1
trn-nuovo-trasporto-viaggiatori-v1^1^2012-04-01^2014-12-31^^2Q^0^Nuovo Trasporto Viaggiatori^^^^^http://en.wikipedia.org/wiki/Nuovo_Trasporto_Viaggiatori^en|Nuovo Trasporto Viaggiatori|^^trn-nuovo-trasporto-viaggiatori^1
