pk^2char_code^name^website
air-9-air-v1^AQ^9 Air^http://9air.com
air-abakan-avia-v2^RL^Royal Flight^http://www.royalflight.ru
air-ab-aviation-v1^Y6^AB Aviation^https://abaviation.aerocrs.net
air-abc-aerolineas-v1^4O^Interjet^https://www.interjet.com/
air-abx-air-v1^GB^ABX Air^http://www.abxair.com
air-act-airlines-v2^9T^MyCargo Airlines^http://www.actairlines.com/
air-adria-airways-v1^JP^Adria Airways^http://adria.si
air-aegean-airlines-v1^A3^Aegean Airlines^http://aegeanair.com
air-aer-arann-v1^RE^Stobart Air^http://www.stobartair.com/
air-aer-lingus-v1^EI^Aer Lingus^http://www.aerlingus.com
air-aero4m-v1^H4^Aero4M^
air-aero-airlines-v1^EE^Aero Airlines^
air-aero-benin-v1^EM^Aero Benin^
air-aero-calafia-v1^A7^Aéreo Calafia^https://www.calafiaairlines.com
air-aero-caribbean-v1^7L^Aero Caribbean^
air-aero-charter-v1^DW^Aero Charter^
air-aeroenlaces-nacionales-v1^VB^Aeroenlaces Nacionales^
air-aeroflot-v1^SU^Aeroflot^http://www.aeroflot.ru/cms/en/
air-aerogaviota-v1^KG^Aerogaviota^
air-aerolinea-principal-chile-v1^5P^PAL Airlines^https://www.palairlines.ca/
air-aerolineas-argentinas-v1^AR^Aerolíneas Argentinas^http://www.aerolineas.com.ar
air-aerolineas-galapagos-v1^2K^Aerolineas Galapagos^
air-aerolineas-mas-v1^N3^Aerolineas Mas^
air-aerolineas-regionales-v1^F2^Safarilink Aviation^http://flysafarilink.com
air-aerolineas-sosa-v1^P4^Aerolineas Sosa^
air-aerolink-uganda-v1^A8^Aerolink Uganda^
air-aerolitoral-v1^5D^Aeroméxico Connect^http://www.aeromexico.com/
air-aeromar-v1^VW^Aeromar^http://www.aeromar.us/
air-aeromexico-v1^AM^AeroMexico^http://www.aeromexico.com/
air-aero-mongolia-v1^M0^Aero Mongolia^
air-aeropostal-v1^VH^Aeropostal^
air-aero-republica-v1^P5^Copa Airlines Colombia^http://www.copaair.com/sites/co/EN/pages/homepage.aspx
air-aero-transporte-atsa-v1^4A^Aero Transporte^
air-aerovias-dap-v1^V5^Aerovias DAP^http://dap.cl/
air-aero-vip-portugal-v1^WV^Aero VIP^http://www.grupo7air.com
air-afghan-jet-v1^HN^Afghan Jet International^
air-african-express-airways-v1^XU^African Express Airways^
air-afric-aviation-v1^L8^Afric Aviation^http://www.africaviation.com/
air-africa-west-cargo-v1^FK^Africa West Cargo Ghd^
air-africa-world-airlines-v1^AW^Africa World Airlines^http://www.flyAfricaWorld.com/
air-afrijet-business-service-v1^J7^Afrijet Business Service^
air-afriqiyah-airways-v1^8U^Afriqiyah Airways^
air-aigle-azur-v1^ZI^Aigle Azur^http://www.aigle-azur.com
air-air-algerie-v1^AH^Air Algerie^http://www.airalgerie.dz/en/
air-air-alliance-v1^ZX^Air Georgian^http://www.airgeorgian.ca
air-air-alsie-v1^6I^Air Alsie^
air-air-antilles-express-v1^3S^Air Antilles Express^
air-air-arabia-egypt-v1^E5^Air Arabia Egypt^http://www.airarabia.com
air-air-arabia-maroc-v1^3O^Air Arabia Maroc^http://www.airarabia.com
air-air-arabia-v1^G9^Air Arabia^http://www.airarabia.com
air-air-asia-india-v1^I5^AirAsia India^http://www.airasia.com/in/en/home.page
air-air-asia-indonesia-v1^QZ^Indonesia AirAsia^http://www.airasia.com
air-air-asia-japan-v1^DJ^AirAsia Japan^http://www.airasia.com/jp/en/home.page
air-air-asia-philippines-v1^PQ^AirAsia Philippines^https://www.airasia.com
air-air-asia-v1^AK^AirAsia^http://www.airasia.com
air-air-asia-x-v1^D7^AirAsia X^http://www.airasia.com/
air-air-astana-v1^KC^Air Astana^http://www.airastana.com/
air-air-austral-v1^UU^Air Austral^http://www.air-austral.com/en
air-air-bagan-v1^W9^Air Bagan^
air-air-baltic-v1^BT^airBaltic^http://airbaltic.com
air-air-berlin-v1^AB^Air Berlin^http://airberlin.com
air-airblue-v1^PA^Airblue^http://www.airblue.com/
air-air-botswana-v1^BP^Air Botswana^
air-air-bretagne-v1^3E^Multi Aero^
air-air-bridge-cargo-v1^RU^Air Bridge Cargo^
air-air-burkina-v1^2J^Air Burkina^
air-air-busan-v1^BX^Air Busan^http://www.airbusan.com/AB/airbusan/english/main.jsp?loc=en
air-air-cairo-v1^SM^Air Cairo^http://www.flyaircairo.com
air-air-caledonie-v1^TY^Air Caledonie^
air-air-calin-v1^SB^Aircalin^http://www.aircalin.com/
air-air-canada-rouge-v1^RV^Air Canada Rouge^
air-air-canada-v1^AC^Air Canada^http://aircanada.com
air-air-caraibes-v1^TX^Air Caraibes^http://www.aircaraibes.com/
air-air-cargo-carriers-v2^2Q^Air Cargo Carriers^http://www.aircargocarriers.com/
air-air-carnival-v1^2S^Air Carnival^https://aircarnival.in/
air-air-china-v1^CA^Air China^http://www.airchina.com
air-air-city-v1^4F^Air City^
air-aircompany-armenia-v1^RM^Aircompany Armenia^
air-air-corsica-v1^XK^Air Corsica^http://www.aircorsica.com/
air-air-cote-d-ivoire-v1^HF^Air Cote D Ivoire^
air-air-creebec-v1^YN^Air Creebec^
air-air-djibouti-v2^IV^Air Djibouti^http://www.air-djibouti.com
air-air-dolomiti-v1^EN^Air Dolomiti^
air-aires-v1^4C^LATAM Colombia^http://www.latam.com/
air-air-europa-v1^UX^Air Europa^http://www.aireuropa.com
air-air-excursions-v1^X4^Air Excursions^
air-air-explore-v1^ED^Air Explore^
air-air-flamenco-v1^F4^Air Flamenco^
air-air-france-v1^AF^Air France^http://www.airfrance.com/
air-air-freight-nz-v1^OG^Air Freight NZ^http://www.fieldair.co.nz
air-air-georgia-v1^DA^Air Georgia^
air-air-go-egypt-v1^EO^Air Go Egypt^
air-air-greenland-v1^GL^Air Greenland^http://airgreenland.com
air-air-guilin-v1^GT^Air Guilin^http://www.airguilin.com/
air-air-iceland-v1^NY^Air Iceland^https://www.airicelandconnect.is
air-air-incheon-v1^KJ^Air Incheon^http://www.air-incheon.com/en/
air-air-india-charters-v1^IX^Air India Express^http://www.airindiaexpress.in/
air-air-india-regional-v1^9I^Air India Regional^http://www.airindia.in/alliance-air.htm
air-air-india-v1^AI^Air India^http://www.airindia.com
air-air-indus-v1^I6^Air Indus^
air-air-inuit-v1^3H^Air Inuit^http://www.airinuit.com/
air-air-italy-v1^I9^Air Italy^http://www.airitaly.com
air-air-japan-company-v1^NQ^Air Japan^http://www.air-japan.co.jp/
air-air-kbz-v1^K7^Air KBZ^http://www.airkbz.com
air-air-kenya-aviation-v1^QP^Air Kenya Aviation^
air-air-kenya-express-v1^P2^Airkenya Express^http://www.airkenya.com/
air-air-kiribati-v1^IK^Air Kiribati^http://www.airkiribati.com.ki
air-air-koryo-v1^JS^Air Koryo^
air-air-labrador-v1^WJ^Air Labrador^http://www.airlabrador.com/home/
air-air-leisure-egypt-v1^AL^Air Leisure^http://www.air-leisure.com
air-airliaison-v1^Q9^Airliaison^
air-airline-service-v1^ZZ^Airline Service^
air-airlines-png-v1^CG^PNG Air^http://www.pngair.com.pg
air-airline-taimyr-v1^Y7^NordStar^http://www.nordstar.su/
air-air-macau-v1^NX^Air Macau^http://www.airmacau.com.mo
air-air-madagascar-v1^MD^Air Madagascar^
air-air-malta-v1^KM^Air Malta^
air-air-mandalay-v1^6T^Air Mandalay^
air-air-mauritius-v1^MK^Air Mauritius^
air-air-minas-linhas-aereas-v1^6M^Air Minas Linhas Aereas^
air-air-mobility-command-v1^MC^Air Mobility Command^
air-air-moldova-v1^9U^Air Moldova^
air-air-namibia-v1^SW^Air Namibia^
air-air-new-zealand-v1^NZ^Air New Zealand^http://www.airnewzealand.com/gateway
air-air-nigeria-v1^VK^Air Nigeria^
air-air-nippon-wings-v1^EH^ANA Wings^http://www.anawings.co.jp/
air-air-niugini-v1^PX^Air Niugini^
air-air-north-v1^4N^Air North^http://www.flyairnorth.com
air-airnorth-v1^TL^Airnorth^http://airnorth.com.au
air-air-norway-v1^M3^Air Norway^http://www.airnorway.no/
air-air-nostrum-v1^YW^Air Nostrum^http://www.airnostrum.com/home.asp?idioma=2
air-air-panama-v1^7P^Air Panama^
air-air-peace-limited-v1^P4^Air Peace^http://www.flyairpeace.com/
air-air-pegasus-v1^OP^Air Pegasus^http://www.airpegasus.in/
air-airphil-express-v1^2P^Airphil Express^
air-air-rarotonga-v1^GZ^Air Rarotonga^
air-air-saint-pierre-v1^PJ^Air Saint Pierre^
air-air-seoul-v1^RS^Air Seoul^http://flyairseoul.com
air-air-serbia-v1^JU^Air Serbia^http://airserbia.com
air-air-service-liege-v1^L4^Air Service Liege (ASL)^
air-air-seychelles-v1^HM^Air Seychelles^
air-air-sinai-v1^4D^Air Sinai^
air-air-tahiti-nui-v1^TN^Air Tahiti Nui^https://www.airtahitinui.com
air-air-tahiti-v1^VT^Air Tahiti^https://www.airtahiti.com
air-air-tanzania-v1^TC^Air Tanzania^
air-air-timor-v1^6C^Air Timor^
air-air-tindi-v1^8T^Air Tindi^http://www.airtindi.com
air-airtran-airways-v1^FL^Airtran Airways^https://web.archive.org/*/http://www.airtran.com/
air-air-transat-v1^TS^Air Transat^http://www.airtransat.com
air-air-transport-international-v1^8C^Air Transport International^http://www.airtransport.cc/
air-air-uganda-v1^U7^Air Uganda^
air-air-urga-v1^3N^Air Urga^
air-air-vallee-v1^DO^Discovery Airways^
air-air-vanuatu-v1^NF^Air Vanuatu^http://www.airvanuatu.com/
air-air-via-v1^VL^Air VIA^http://www.air-via.com/
air-air-wisconsin-v1^ZW^Air Wisconsin^http://www.airwis.com/
air-air-zimbabwe-v1^UM^Air Zimbabwe^http://airzimbabwe.aero/
air-ais-airlines-v1^IS^AIS Airlines^http://www.aisairlines.nl/
air-aklak-air-v1^6L^Aklak Air^
air-aladia-airlines-v1^9A^Aladia Airlines^
air-alaska-airlines-v1^AS^Alaska Airlines^https://www.alaskaair.com
air-alaska-seaplane-service-v1^J5^Alaska Seaplane Service^
air-alas-uruguay-v1^YZ^Alas Uruguay^http://www.alasuruguay.com.uy
air-albastar-spain-v2^AP^AlbaStar^http://www.albastar.es/
air-albawings-v1^2B^Albawings^https://albawings.com/en
air-alitalia-cityliner-v1^CT^Alitalia CityLiner^http://www.alitalia.com
air-alitalia-v1^AZ^Alitalia^http://www.alitalia.com
air-allegiant-air-v1^G4^Allegiant Air^http://www.allegiantair.com/
air-alliance-airlines-v1^QQ^Alliance Airlines^
air-all-nippon-airways-v1^NH^All Nippon Airways^https://www.ana.co.jp/
air-alma-de-mexico-v1^C4^Alma De Mexico^
air-almasria-universal-airlines-v1^UJ^AlMasria Universal Airlines^http://www.almasriaairlines.com
air-al-naser-airlines-v2^NR^Al-Naser Airlines^https://www.alnaserwings.com/core/en/
air-aloha-air-cargo-v1^KH^Aloha Air Cargo^http://www.AlohaAirCargo.com
air-alpha-air-transport-v1^7U^Alpha Air Transport^
air-alpine-air-v1^N6^Nomad Aviation^
air-als-v1^K4^ALS^
air-amakusa-airlines-v1^MZ^Amakusa Airlines^http://www.amx.co.jp/
air-amaszonas-del-paraguay-v1^ZP^Amaszonas Del Paraguay^
air-amaszonas-v1^Z8^Línea Aérea Amaszonas^http://www.amaszonas.com
air-american-airlines-v1^AA^American Airlines^http://www.aa.com
air-american-eagle-v1^MQ^Envoy Air^http://envoyair.com
air-amerijet-international-v1^M6^Amerijet International^https://amerijet.com/
air-amsterdam-airlines-v1^WD^Amsterdam Airlines Bv^
air-andes-lineas-aereas-v1^OY^Andes Líneas Aéreas^http://www.andesonline.com/
air-angara-airlines-v1^2G^Angara Airlines^
air-anguilla-air-services-v1^Q3^Anguilla Air Services^
air-antrak-air-v1^O4^Antrak Air^
air-apex-airline-v1^SO^Apex Airline^
air-apg-airlines-v1^GP^APG Airlines^
air-ariana-afghan-airlines-v1^FG^Ariana Afghan Airlines^
air-arik-air-v1^W3^Arik Air^https://www.arikair.com/
air-arkefly-v1^OR^TUI Airlines Netherlands^https://www.tui.nl/vliegtickets/
air-arkia-v1^IZ^Arkia^
air-armenia-airways-v1^6A^Armenia Airways^
air-aruba-airlines-v1^AG^Aruba Airlines^http://www.arubaairlines.com/
air-aserca-v1^R7^Aserca^
air-asia-atlantic-airlines-v1^HB^Asia Atlantic Airlines^http://www.asiaatlanticairlines.com/
air-asiana-airlines-v1^OZ^Asiana Airlines^http://flyasiana.com
air-asian-wings-airways-v1^YJ^Asian Wings Airways^http://www.asianwingsair.com
air-asky-v1^KP^ASKY Airlines^http://www.flyasky.com
air-astra-airlines-v1^A2^Astra Airlines^http://astra-airlines.gr
air-astral-aviation-v1^8V^Astral Aviation^http://www.astral-aviation.com/
air-astro-air-v1^8Y^Pan Pacific Airlines^
air-ata-airlines-iran-v1^I3^ATA Airlines^http://www.ataair.ir/
air-atlantic-airways-v1^RC^Atlantic Airways^http://atlantic.fo
air-atlantic-express-airline-v1^4X^Atlantic Express Airline^
air-atlantique-air-assistance-v1^L5^Atlantique Air Assistance^http://www.atlasatlantiqueairlines.com
air-atlantis-european-airways-v1^TD^Atlantis European Airways^
air-atlas-air-v1^5Y^Atlas Air^http://www.atlasair.com/holdings/index.asp
air-atlasjet-airlines-v1^KK^AtlasGlobal^http://www.atlasglb.com/
air-auric-air-services-v1^UI^Auric Air Services^http://www.auricair.com/
air-aurigny-air-services-v1^GR^Aurigny Air Services^
air-austral-lineas-aereas-v1^AU^Austral Líneas Aéreas^http://www.austral.com.ar
air-austrian-airlines-v1^OS^Austrian Airlines^http://www.austrian.com
air-avanza-v1^6V^Avanza^
air-avianca-v1^AV^Avianca^http://www.avianca.com
air-aviastar-tu-v1^4B^Aviastar TU^http://www.aviastartu.com/
air-aviateca-v1^GU^Aviateca^
air-aviation-starlink-v1^Q4^Aviation Starlink^
air-aviator-aviation-v1^T9^Aviator Aviation^
air-avia-traffic-v1^YK^Avia Traffic Company^
air-avies-v1^U3^Avies^
air-avion-express-v1^X9^Avion Express^
air-avior-airlines-v1^9V^Avior Airlines^http://www.aviorair.com
air-avior-regional-v1^3R^Avior Regional^http://www.aviorair.com
air-axess-v1^1J^Axess International^
air-azerbaijan-airlines-v1^J2^Azerbaijan Airlines^
air-azimuth-airlines-v1^A4^Azimuth^https://azimuth.aero/en
air-aztec-worldwide-airlines-v1^AJ^Aztec Worldwide Airlines^
air-azul-v1^AD^Azul Brazilian Airlines^http://www.voeazul.com.br/en/home
air-ba-cityflyer-v1^CJ^BA CityFlyer^http://www.britishairways.com
air-bahamasair-v1^UP^Bahamasair^
air-bahrain-air-v1^BN^Bahrain Air^
air-bangkok-airways-v1^PG^Bangkok Airways^http://www.bangkokair.com/
air-bassaka-air-v1^5B^Bassaka Air^http://www.bassakaair.com
air-batik-air-indonesia-v1^ID^Batik Air^http://www.batikair.com
air-bb-airways-v1^BO^BB Airways^http://www.bbairways.com/
air-bearskin-airlines-v1^JV^Bearskin Airlines^http://www.bearskinairlines.com
air-bek-air-v1^Z9^Jsc Bek Air^
air-belair-airlines-v1^4T^Belair Airlines^
air-belavia-v1^B2^Belavia^http://belavia.by
air-belle-air-europe-v1^L9^Belle Air Europe^
air-bemidji-airlines-v1^CH^Bemidji Airlines^
air-bering-air-v1^8E^Bering Air^http://www.beringair.com
air-berjaya-air-v1^J8^Berjaya Air^http://www.berjaya-air.com/
air-bh-air-v1^8H^BH Air^http://www.bhairlines.com/
air-biman-bangladesh-airline-v1^BG^Biman Bangladesh Airline^http://www.biman-airlines.com
air-binter-canarias-v1^NT^Binter Canarias^http://www.bintercanarias.com/
air-blue1-v1^KF^Blue1^
air-blue-air-airline-v1^0B^Blue Air^http://www.blueairweb.com/
air-bluebird-airways-v1^BZ^Bluebird Airways^http://www.bluebirdair.gr
air-bluebird-cargo-v1^BF^Bluebird Cargo^http://www.bluebird.is/
air-blue-islands-v1^SI^Blue Islands^http://www.blueislands.com
air-blue-panorama-airlines-v1^BV^Blue Panorama Airlines^
air-bmi-regional-v1^BM^bmi regional^http://www.flybmi.com
air-boliviana-de-aviacion-v1^OB^Boliviana de Aviación (BoA)^http://www.boa.bo/
air-boutique-air-v1^4B^Boutique Air^http://www.boutiqueair.com/
air-bqb-v1^5Q^BQB Líneas Aéreas^http://www.flybqb.com/
air-braathens-regional-airways-v1^DC^Braathens Regional^http://www.flygbra.se
air-branson-air-express-v1^1X^Branson Air Express^http://www.bransonairexpress.com
air-bringer-air-cargo-v1^E6^Bringer Air Cargo^
air-british-airways-v1^BA^British Airways^http://britishairways.com
air-brussels-airlines-v1^SN^Brussels Airlines^http://brusselsairlines.com
air-buddha-air-v1^U4^Buddha Air^http://www.buddhaair.com
air-bulgaria-air-v1^FB^Bulgaria Air^
air-bulgarian-air-charter-v1^H6^Bulgarian Air Charter^http://www.bgaircharter.com/index.php?page=20
air-buraq-air-v1^UZ^Buraq Air^http://www.buraq.aero/
air-business-aviation-centre-v1^UQ^Business Aviation Centre^
air-caicos-express-airways-v1^9Q^Caicos Express Airways^http://caicosexpress.com/
air-calm-air-v1^MO^Calm Air International^
air-camair-v1^QC^Camair-Co^http://www.camair-co.cm/en
air-cambodia-angkor-air-v1^K6^Cambodia Angkor Air^http://www.cambodiaangkorair.com
air-cambodia-bayon-v1^BD^Cambodia Bayon Airlines^http://www.bayonairlines.com
air-canadian-north-v1^5T^Canadian North^http://www.canadiannorth.com
air-canary-fly-v1^PM^Canaryfly^http://www.canaryfly.es/
air-canjet-airlines-v1^C6^Canjet Airlines^
air-cape-air-v1^9K^Cape Air^http://capeair.com
air-cargologicair-v1^P3^CargoLogicAir^http://www.cargologicair.com
air-cargolux-v1^CV^Cargolux^http://www.cargolux.com
air-carib-aviation-v1^3Q^Carib Aviation Limited^
air-caribbean-airlines-v1^BW^Caribbean Airlines^http://www.caribbean-airlines.com
air-caribbean-winds-airlines-v1^W8^Caribbean Winds Airlines^
air-carpatair-v1^V3^Carpatair^http://carpatair.com
air-cathay-pacific-v1^CX^Cathay Pacific^http://cathaypacific.com
air-catovair-v1^0C^Catovair^
air-cayman-airways-v1^KX^Cayman Airways^
air-cebu-air-v1^5J^Cebu Pacific^https://www.cebupacificair.com
air-ceiba-v1^C2^Ceiba Intercontinental^
air-cemair-v1^5Z^CemAir^http://cemair.co.za
air-central-mountain-air-v1^9M^Central Mountain Air^
air-centralwings-v1^C0^Centralwings^
air-chalair-aviation-v1^CE^Chalair Aviation^
air-champlain-enterprises-v1^C5^CommutAir^http://www.commutair.com/
air-cham-wings-airlines-v1^6Q^Cham Wings Airlines^
air-chang-an-airlines-v1^9H^Chang An Airlines^http://www.airchangan.com
air-charlie-airlines-cyprus-v1^CY^Charlie Airlines^https://www.cyprusairways.com
air-chautauqua-airlines-v1^RP^Chautauqua Airlines^
air-chengdu-airlines-v1^EU^Chengdu Airlines^
air-chilejet-v1^H8^Chilejet^
air-china-airlines-v1^CI^China Airlines^http://www.china-airlines.com/
air-china-air-cargo-v1^ZY^China Air Cargo^
air-china-cargo-airlines-bis-v1^CK^China Cargo Airlines^
air-china-cargo-airlines-v1^CK^China Cargo Airlines^
air-china-eastern-airlines-v1^MU^China Eastern Airlines^http://www.ceair.com
air-china-express-airlines-v1^G5^China Express Airlines^http://www.chinaexpressair.com/
air-china-postal-airlines-v1^CF^China Postal Airlines^http://www.cnpostair.com/
air-china-southern-airlines-v1^CZ^China Southern Airlines^http://www.csair.com/en/index.shtml
air-china-united-airlines-v1^KN^China United Airlines^
air-china-west-air-v1^PN^China West Air^
air-chongqing-airlines-v1^OQ^Chongqing Airlines^
air-chu-kong-passenger-transport-v1^3A^Chu Kong Passenger Transport^
air-cimber-v1^QA^Cimber^https://web.archive.org/web/20030721194620/http://www.cimber.dk/
air-cinnamon-air-v1^C7^Cinnamon Air^http://www.cinnamonair.com
air-citilink-indonesia-v1^QG^Citilink Indonesia^http://www.citilink.co.id
air-city-airways-v1^E8^City Airways^http://www.cityairways.co.th
air-cityjet-v1^WX^CityJet^http://www.cityjet.com
air-closed-iraero-v1^IO^IrAero^http://iraero.ru/en/
air-cm-airlines-v1^CC^CM Airlines^http://www.cmairlines.com/
air-coastal-travels-v1^CQ^Coastal Travels^
air-cobalt-air-v1^CO^Cobalt Air^http://www.cobalt.aero
air-colgan-air-v1^9L^West Link Airways^
air-colorful-guizhou-airlines-v1^GY^Colorful Guizhou Airlines^http://www.dcair.net/
air-comair-south-africa-v1^MN^Comair^http://www.comair.co.za
air-comlux-aruba-v1^CS^Comlux Aruba^http://www.comlux.com
air-comores-aviation-v1^O5^Comores Aviation International^
air-compagnie-africaine-d-aviation-v1^BU^Compagnie Africaine d'Aviation^http://www.caacongo.com/
air-compass-airlines-v1^CP^Compass Airlines^http://www.compassairline.com/
air-condor-berlin-v1^DF^Condor Berlin^http://www.condor.com/eu/index.jsp
air-condor-v1^DE^Condor^http://www.condor.com/eu/index.jsp
air-congo-airways-v1^8Z^Congo Airways^http://www.congoairways.com/
air-conviasa-v1^V0^Conviasa^
air-copa-airlines-v1^CM^Copa Airlines^http://www.copaair.com
air-corendon-airlines-v1^XC^Corendon Airlines^http://www.corendon-airlines.com/
air-corendon-dutch-airlines-v1^CD^Corendon Dutch Airlines^
air-corporate-flight-management-v1^LF^Corporate Flight Management^http://contouraviation.com/
air-corsair-v1^SS^Corsair^http://corsair.fr
air-croatia-airlines-v1^OU^Croatia Airlines^http://www.croatiaairlines.hr/
air-cronos-airlines-v1^C8^Cronos Airlines^http://cronosair.com
air-cts-viaggi-v1^I1^CTS Viaggi^
air-cubana-de-aviacion-v1^CU^Cubana De Aviacion^
air-czech-airlines-v1^OK^Czech Airlines^http://www.czechairlines.com/
air-daallo-airlines-v1^D3^Daallo Airlines^
air-dac-east-africa-v1^JX^DAC East Africa^http://dacaviation.com
air-dagestan-airlines-v1^N2^Dagestan Airlines^
air-dana-airlines-v1^9J^Dana Air^http://www.flydanaair.com/
air-danish-air-transport-v1^DX^Danish Air Transport^http://www.dat.dk/home-30644.htm
air-dart-ltd-v1^D4^DART Ltd^
air-deer-jet-airlines-v2^JD^Beijing Capital Airlines^http://www.jdair.net/
air-delta-air-lines-v1^DL^Delta Air Lines^https://www.delta.com/
air-delta-connection-v1^DQ^Delta Connection^
air-delux-public-charter-v1^XE^Delux Public Charter^
air-denim-air-v2^G6^Denim Air^http://www.denim.aero
air-dhl-air-uk-v1^D0^DHL Air UK^http://www.dhl.com/en.html
air-dhl-international-aviation-me-v1^ES^DHL International Aviation ME^http://www.dhl.com/
air-djibouti-air-v1^DZ^Donghai Airlines^
air-dniproavia-v1^Z6^Dniproavia^http://dniproavia.com/en/
air-dobrolet-v1^QD^Dobrolet Airlines^
air-dokasch-v1^3D^Dokasch^
air-donavia-v1^D9^Donavia^http://www.aeroflot-don.ru/?language=en
air-dot-lt-v1^R6^DOT LT^
air-douniah-airlines-v1^DH^Douniah Airlines^
air-dragonair-v1^KA^Hong Kong Dragon Airlines^https://www.cathaypacific.com/
air-dreamjet-v1^B0^La Compagnie^http://www.lacompagnie.com
air-druk-air-v1^KB^Druk Air^http://www.drukair.com.bt
air-dynamic-air-v1^2D^Dynamic Airways^https://www.easternairlines.com/
air-eagle-air-v1^H7^Eagle Air^
air-east-african-safari-air-v1^B5^Fly-SAX^http://fly-sax.com
air-east-air-v1^EG^East Air^
air-eastar-jet-v1^ZE^Eastar Jet^
air-east-coast-flight-services-v1^5E^East Coast Flight Services^
air-eastern-air-lines-v2^EA^East Air Lines^http://easternairlines.aero
air-eastern-airways-v1^T3^Eastern Airways^http://www.easternairways.com
air-eastern-caribbean-airlines-v1^JI^Eastern Caribbean Airlines^
air-east-line-v1^1T^East Line^
air-eastok-avia-v3^KR^Air Bishkek^http://www.airbishkek.kg/
air-easyfly-colombia^VE^EasyFly^http://www.easyfly.com.co
air-easyjet-switzerland-v1^DS^easyJet Switzerland^http://www.easyjet.com
air-easyjet-v1^U2^easyJet^http://www.easyJet.com/
air-edelweiss-air-v1^WK^Edelweiss Air^http://www.flyedelweiss.com
air-egyptair-v1^MS^EgyptAir^http://egyptair.com
air-el-al-v1^LY^El Al^http://www.elal.com/en/USA/Pages/default.aspx
air-ellinair-v1^EL^Ellinair^http://el.ellinair.com/
air-emirates-v1^EK^Emirates^http://www.emirates.com/english
air-endeavor-air-v1^9E^Endeavor Air^http://www.endeavorair.com/
air-enter-air-v1^E4^Enter Air^http://www.enterair.pl/en
air-equaflight-service-v1^E7^Equaflight Service^
air-equatorial-congo-airlines-v1^LC^ECAir^
air-era-aviation-v2^7H^Ravn Alaska^http://www.flyravn.com
air-eritrean-airlines-v1^B8^Eritrean Airlines^
air-ero-sun-d-or-v1^2U^Ero Sun d'Or^
air-e-savtravel-v1^L1^E Savtravel^
air-estelar-latinoamerica-v2^ES^Estelar Latinoamerica^
air-ethiopian-airlines-v1^ET^Ethiopian Airlines^http://www.ethiopianairlines.com
air-etihad-airways-v1^EY^Etihad Airways^http://etihad.com
air-etihad-regional-v1^F7^Etihad Regional^https://www.adriaairways.ch/en-us/?ln=d
air-eurasia-air-v1^6Z^Eurasia Air^
air-euroatlantic-airways-v1^YU^Euroatlantic Airways^http://www.flyeuroatlantic.pt/
air-europe-airpost-v1^5O^ASL Airlines France^http://www.aslairlines.fr/en/
air-european-air-transport-v1^QY^European Air Transport^
air-european-coastal-airlines-v1^WL^European Coastal Airlines^http://www.ec-air.eu/
air-eurowings-europe-v1^E2^Eurowings Europe^http://eurowings.com
air-eurowings-v1^EW^Eurowings^http://eurowings.com
air-eva-air-v1^BR^EVA Air^http://www.evaair.com/
air-evelop-airlines-v1^E9^Evelop Airlines^http://en.evelop.com
air-everts-v1^5V^Everts^
air-ewa-air-v1^ZD^Ewa Air^
air-exec-air-v1^X7^Exec Air^
air-executive-express-aviation-v1^6G^Executive Express Aviation^http://www.iFlySouthern.com
air-express-air-cargo-v1^7A^Express Air Cargo^
air-expressjet-airlines-v1^EV^ExpressJet Airlines^http://www.expressjet.com/
air-fair-aviation-v1^2F^Fair Aviation^
air-flyadeal-v1^F3^Flyadeal^http://www.flyadeal.com/
air-far-eastern-v1^FE^Far Eastern Air Transport^http://www.fat.com.tw/
air-fars-qeshm-airlines-v1^QE^Fars Qeshm Airlines^
air-federal-airlines-v1^7V^Federal Airlines^
air-fedex-v1^FX^Fedex^
air-felix-airways-v1^FO^Felix Airways^
air-fiji-airways-v1^FJ^Fiji Airways^
air-finnair-v1^AY^Finnair^http://www.finnair.com
air-first-air-v1^7F^First Air^
air-flair-airlines-v1^F8^Flair Airlines^https://flairair.ca/
air-flexflight-v1^W2^Flexflight^
air-fly540-tanzania-v1^FN^Fastjet^http://www.fastjet.com/
air-fly540-v1^5H^Five Fourty Aviation^http://www.fly540.com/
air-flyafrica-zimbabwe-v1^Z7^Zimbabwe flyafrica.com^http://flyafrica.com
air-fly-all-ways-airlines-v1^8W^Fly All Ways Airlines^http://www.flyallways.com
air-fly-art-v1^T2^Fly Art^
air-flybaghdad-v1^IF^FlyBaghdad^http://www.flybaghdad.net/
air-flybe-v1^BE^Flybe^
air-fly-blue-crane-v1^7B^Fly Blue Crane^
air-fly-caminter-v1^EF^Fly CamInter^
air-fly-corporate-v1^FC^Fly Corporate^
air-flydamas-v1^4J^Flydamas Airlines^
air-flydubai-v1^FZ^flydubai^http://www.flydubai.com
air-flyegypt-v1^FT^FlyEgypt^http://www.flyegypt.com
air-flyfirefly-v1^FY^Flyfirefly^http://www.fireflyz.com.my
air-fly-jamaica-airways-v1^OJ^Fly Jamaica Airways^http://www.fly-jamaica.com/
air-fly-kiss-v1^KT^Fly Kiss^
air-fly-one-moldova-v1^5F^Fly One^
air-fly-salone-v1^5L^Fly Salone^https://web.archive.org/web/20160220081102/https://fly-salone.com/
air-fmi-air-v1^ND^FMI Air^http://www.fmiair.com
air-forty-mile-air-v1^Q5^Forty Mile Air^
air-freebird-airlines-v1^FH^Freebird Airlines^
air-french-blue-v1^BF^French Blue^http://www.frenchbee.com/
air-french-military-force-v1^RD^French Military Force^
air-frontier-airlines-v1^F9^Frontier Airlines^http://www.flyfrontier.com/
air-fuji-dream-airlines-v1^JH^Fuji Dream Airlines^
air-fuzhou-airlines-v1^FU^Fuzhou Airlines^http://www.fuzhou-air.cn/
air-gading-sari-aviation-v2^3G^AsiaCargo Express^https://www.klas.com.my/Air-Freight-Services/
air-garuda-indonesia-v1^GA^Garuda Indonesia^http://www.garuda-indonesia.com/
air-gazpromavia-v1^4G^Gazpromavia^
air-georgian-airways-v1^A9^Georgian Airways^
air-germania-flug-v1^GM^Germania Flug^http://www.germania.ch/
air-germania-v1^ST^Germania^http://www.flygermania.com/
air-germanwings-v1^4U^Germanwings^https://www.eurowings.com/en.html
air-global-feeder-services-v1^GC^Global Feeder Services^
air-globus-v1^GH^Globus^
air-gmg-airlines-v1^Z5^GMG Airlines^http://www.gmgairlines.com/
air-go2sky-v1^6G^Go2Sky^http://www.go2sky.eu
air-go-airlines-v1^G8^GoAir^http://www.goair.in/
air-gojet-airlines-v1^G7^GoJet Airlines^http://www.gojetairlines.com/
air-golden-myanmar-airlines-v1^Y5^Golden Myanmar Airlines^
air-gol-transportes-aereos-v1^G3^Gol Transportes Aéreos^http://www.voegol.com.br/en
air-go-v1^GO^Go^
air-grand-china-air-v1^CN^Grand China Air^http://www.grandchinaair.com
air-grant-aviation-v1^GV^Grant Aviation^
air-great-lakes-aviation-v1^ZK^Great Lakes Airlines^http://www.flygreatlakes.com
air-groznyy-avia-v1^ZG^Groznyy Avia^
air-gryphon-airline-v1^Y3^Gryphon Airlines^http://www.flygryphon.com/
air-guangxi-beibu-gulf-airlines-v1^GX^Guangxi Beibu Gulf Airlines^
air-guinea-airlines-v1^G2^Jet Express^
air-gulf-air-v1^GF^Gulf Air^http://www.gulfair.com/
air-hageland-aviation-services-v1^H6^Hageland Aviation Services^http://www.hageland.com
air-hahn-air-systems-v1^H1^Hahn Air Systems^
air-hahn-air-v1^HR^Hahn Air^http://www.hahnair.com/
air-hainan-airlines-v1^HU^Hainan Airlines^https://www.hainanairlines.com
air-halcyon-air-cabo-verde-v1^7Z^Halcyon Air Cabo Verde^
air-harbour-air-v1^H3^Harbour Air^http://www.harbourair.com
air-hawaiian-airlines-v1^HA^Hawaiian Airlines^http://www.hawaiianairlines.com/
air-hawkair-v1^BH^Hawkair^
air-hebei-airlines-v1^NS^Hebei Airlines^
air-heli-air-monaco-v1^YO^Heli Air Monaco^http://www.heliairmonaco.com
air-helicopteros-del-sureste-v1^UV^Helicopteros Del Sureste^
air-helijet-v1^JB^Helijet International^
air-heli-security-saint-tropez-v1^HS^Heli Sécurité^
air-hellas-jet-v1^HJ^Hellas Jet^
air-helvetic-airways-v1^2L^Helvetic Airways^
air-hennan-airlines-v1^VD^Hennan Airlines^
air-hevi-lift-v1^IU^Hevilift^
air-hex-air-v1^UD^Hex Air^
air-hi-fly-transportes-aereo-v1^5K^Hi Fly^http://www.hifly.aero/en/
air-himalaya-airlines-v1^H9^Himalaya Airlines^http://www.himalaya-airlines.com/
air-hokkaido-v1^HD^Air Do^http://www.airdo.jp/
air-holidays-czech-airlines-v1^HC^Holidays Czech Airlines^
air-hong-kong-airlines-v1^HX^Hong Kong Airlines^
air-hong-kong-express-airways-v1^UO^Hong Kong Express Airways^
air-hop-airlinair-v1^AN^HOP Airlinair^http://www.hop.com/en/index.php
air-hop-brit-air-v1^DB^HOP Brit Air^http://www.britair.com
air-hop-regional-v1^YS^Regional^http://uk.regional.com/
air-hop-v1^A5^HOP!^http://www.hop.com
air-horizon-air-v1^QX^Horizon Air^http://www.alaskaair.com/
air-hs-aviation-v1^HP^Amapola Flyg^
air-hunnu-air-v1^MR^Hunnu Air^
air-ibc-airways-v1^II^IBC Airways^http://www.ibcairways.com
air-iberia-express-v1^I2^Iberia Express^http://www.iberiaexpress.com/en/
air-iberia-v1^IB^Iberia^http://www.iberia.com/
air-iberworld-airlines-v1^IP^Iberworld Airlines^http://www.orbest.com/
air-ibex-airlines-v1^FW^Ibex Airlines^http://www.ibexair.co.jp/english/
air-icelandair-v1^FI^Icelandair^http://www.icelandair.com/
air-ihy-izmir-havayollari-v1^4I^Ihy Izmir Havayollari^
air-ikar-v1^IK^Pegas Fly^http://pegasfly.ru
air-iliamna-air-v1^V8^Iliamna Air^
air-indigo-v1^6E^IndiGo^https://www.goindigo.in/
air-insel-air-aruba-v1^8I^Insel Air Aruba^http://www.fly-inselair.com/
air-insel-air-v1^7I^Insel Air International^http://www.fly-inselair.com/
air-interair-south-africa-v1^D6^Interair^http://www.interair.co.za
air-intercaribbean-airways-v1^JY^InterCaribbean Airways^http://www.interCaribbean.com/
air-inter-iles-air-v1^I7^Int'Air Îles^http://www.inter-iles-air.com/
air-iran-air-tours-v1^B9^Iran Air Tours^http://iat.aero
air-iran-air-v1^IR^Iran Air^http://www.iranair.com
air-iran-aseman-airlines-v1^EP^Iran Aseman Airlines^http://www.iaa.ir/
air-iranian-naft-airline-v1^NV^Iranian Naft Airline^http://www.iatc-ir.com
air-iraqi-airways-v1^IA^Iraqi Airways^http://iraqiairways.com.iq
air-irtysh-air-v1^IH^Jsc Irtysh Air^
air-island-air-hawaii-v1^WP^Island Air^http://www.islandair.com/
air-island-aviation-services-v1^Q2^Island Aviation^
air-island-transvoyager-v1^T6^ITI Air^http://www.air-swift.com
air-islena-airlines-v1^WC^Islena Airlines^
air-israir-airlines-v1^6H^Israir Airlines^
air-ital-v1^1Q^Joint Stock Company Ital^
air-itek-air-v1^GI^Itek Air^
air-izhavia-v1^I8^Izhavia^
air-jambojet-v1^JM^Jambojet^http://jambojet.com
air-japan-air-commuter-v1^JC^Japan Air Commuter^http://www.jac.co.jp
air-japan-airlines-v1^JL^Japan Airlines^https://www.jal.co.jp/en/
air-japan-transocean-air-v1^NU^Japan Transocean Air^
air-jazeera-airways-v1^J9^Jazeera Airways^
air-jazz-aviation-v1^QK^Jazz Aviation^
air-jeju-air-v1^7C^Jeju Air^http://www.jejuair.net/
air-jet2-v1^LS^Jet2.com^http://www.jet2.com/
air-jet-4-you-v1^8J^Línea Aerea Eco Jet^
air-jetairfly-v1^TB^TUIfly Belgium^http://www.tuifly.be
air-jet-air-v1^O2^Jet Air^
air-jet-airways-v1^9W^Jet Airways^http://jetairways.com/
air-jet-asia-airways-v1^JF^Jet Asia Airways^http://www.flyjetasia.com
air-jet-aviation-business-v1^PP^Jet Aviation Business^
air-jetblue-airways-v1^B6^JetBlue^http://jetblue.com
air-jetgo-australia-v1^JG^Jetgo Australia^
air-jetlink-express-v1^J0^Jetlink Express^
air-jet-lite-v1^S2^Jet Lite^
air-jet-ops-v1^J6^Jet-Ops^
air-jetsmart-chile-v1^JA^Jetsmart^http://www.jetsmart.com
air-jetstar-asia-airways-v1^3K^Jetstar Asia Airways^http://www.jetstar.com/sg/en/home
air-jetstar-japan-v1^GK^Jetstar Japan^
air-jetstar-pacific-airlines-v1^BL^Jetstar Pacific Airlines^
air-jetstar-v1^JQ^Jetstar^http://www.jetstar.com
air-jet-time-v1^JO^Jet Time^http://www.jet-time.dk/
air-jiangxi-air-v1^RY^Jiangxi Air^http://airjiangxi.com/jiangxiair/v2/index.action%20airjiangxi.com
air-jin-air-v1^LJ^Jin Air^
air-job-air-v1^3B^Job Air^
air-jordan-aviation-v1^R5^Jordan Aviation^http://www.jordanaviation.jo/
air-joy-air-v1^JR^Joy Air^http://www.joy-air.com/
air-jubba-airways-kenya-v1^3J^Jubba Airways Kenya^http://www.jubbaairways.com
air-juneyao-airlines-v1^HO^Juneyao Airlines^http://www.juneyaoair.com
air-kalitta-charters-v1^K9^Kalitta Charters^http://www.kalittacharters.com/
air-kal-star-aviation-v1^KD^Kal Star Aviation^
air-kam-air-v1^RQ^Kam Air^https://www.kamair.com/
air-kan-air-v1^K8^Kan Air^http://www.kanairlines.com/web/
air-karinou-airlines-v1^U5^Karinou Airlines^
air-katekavia-v1^ZF^Azur Air^http://www.azurair.com/
air-kenmore-air-v1^M5^Kenmore Air^
air-kenn-borek-air-v1^4K^Kenn Borek Air^
air-kenya-airways-v1^KQ^Kenya Airways^http://kenya-airways.com
air-kharkiv-airlines-v1^KW^Kharkiv Airlines^
air-kish-airlines-v1^Y9^Kish Airlines^
air-klm-cityhopper-v1^WA^KLM Cityhopper^http://www.klmcityhopper.com/
air-klm-v1^KL^KLM^http://www.klm.com/
air-kogalymavia-airlines-v1^7K^Kogalymavia Airlines^
air-komiaviatrans-v1^KO^Komiaviatrans^http://www.komiaviatrans.ru/
air-korean-air-v1^KE^Korean Air^https://www.koreanair.com
air-krasavia-v1^KI^KrasAvia^http://www.ak-krasavia.ru
air-kuban-airlines-v1^GW^SkyGreece Airlines^
air-kunming-airlines-v1^KY^Kunming Airlines^
air-kuwait-airways-v1^KU^Kuwait Airways^
air-kyrgyzstan-airlines-v1^R8^Kyrgyzstan Airlines^
air-kyrgyzstan-air-v1^QH^Air Kyrgyzstan^http://www.air.kg/
air-lacbravo-v1^4V^Lacbravo^
air-lacsa-v1^LR^Avianca Costa Rica^http://www.avianca.com
air-lam-mozambique-v1^TM^Lam Mozambique^
air-lan-airlines-v1^LA^LATAM Chile^http://latam.com
air-lan-argentina-v1^4M^LATAM Argentina^http://www.latam.com/
air-lan-chile-cargo-v1^UC^LAN Cargo^http://www.latamcargo.com
air-lan-ecuador-v1^XL^LATAM Ecuador^http://www.latam.com/
air-lan-express-v1^LU^LAN Express^http://www.latam.com/
air-lan-peru-v1^LP^LATAM Perú^http://www.latam.com
air-lanmei-airlines-v1^LQ^Lanmei Airlines^http://lanmeiairlines.com
air-lao-airlines-v1^QV^Lao Airlines^
air-lao-skyway-v2^LK^Lao Skyway^http://www.laoskyway.com
air-latam-cargo-brasil-v1^M3^LATAM Cargo Brasil^http://www.latamcargo.com/
air-latpass-airlines-v1^QJ^Latpass Airlines^
air-laudamotion-v1^OE^Laudamotion^http://laudamotion.com
air-lc-busre-v1^W4^LC Perú^http://lcperu.pe
air-lepl-air-costa-v1^LB^Air Costa^http://www.aircosta.in/
air-level-airline-v1^LV^Level^https://www.flylevel.com/
air-lgw-luftfahrtges-walter-v1^HE^LGW Luftfahrtges Walter^
air-liat-v1^LI^LIAT^http://www.liat.com/
air-libyan-airlines-v1^LN^Libyan Airlines^http://libyanairlines.aero/
air-libyan-wings-v1^YL^Libyan Wings^
air-linea-aerea-de-servicio-v1^QL^Linea Aerea De Servicio^
air-link-v1^V6^Air Link^
air-lion-airlines-v1^JT^Lion Air^http://lionair.co.id
air-lion-air-v1^SL^Thai Lion Air^http://www.lionairthai.com
air-loganair-v1^LM^Loganair^
air-longjiang-airlines-v1^LT^Longjiang Airlines^
air-lot-v1^LO^LOT Polish Airlines^http://www.lot.com
air-lucky-air-v1^8L^Lucky Air^http://www.luckyair.net/
air-lufthansa-cityline-v1^CL^Lufthansa CityLine^http://www.lufthansacityline.com/
air-lufthansa-cargo-v1^LH^Lufthansa Cargo^http://lufthansa-cargo.com/
air-lufthansa-v1^LH^Lufthansa^http://lufthansa.com
air-lugansk-airlines-v1^L7^Lugansk Airlines^
air-luxair-v1^LG^Luxair^
air-lynx-aviation-v1^L3^Lynx Aviation^
air-macair-jet-v2^A0^Macair Jet^http://www.avianca.com.ar/
air-magnum-air-v1^M8^SKYJET Airlines^https://www.flyskyjetair.com
air-mahan-airlines-v1^W5^Mahan Airlines^
air-malawian-airlines-v1^3W^Malawian Airlines^http://malawian-airlines.com/
air-malaysia-airlines-v1^MH^Malaysia Airlines^http://www.malaysiaairlines.com
air-malindo-airways-v1^OD^Malindo Airways^http://www.malindoair.com
air-malmo-aviation-v2^TF^BRA^https://www.flygbra.se/#m
air-mandarin-airlines-v1^AE^Mandarin Airlines^
air-mango-v1^JE^Mango^http://flymango.com
air-mann-yadanarpon-v1^7Y^Mann Yadanarpon Airlines^http://www.airmyp.com
air-manx-v1^NM^Manx^
air-martinair-v1^MP^Martinair^
air-maswings-v1^MY^MASwings^http://www.maswings.com.my
air-mauritania-airways-v1^YD^Mauritania Airways^
air-mauritanian-airlines-v1^L6^Mauritanian Airlines Int^
air-mayair-v1^7M^Mayair^
air-maya-island-air-v2^2M^Maya Island Air^http://www.mayaislandair.com/
air-med-view-airline-v1^VL^Med-View Airline^http://www.medviewairline.com/
air-meridiana-fly-v1^IG^Meridiana Fly^
air-mesa-airlines-v1^YV^Mesa Airlines^http://www.mesa-air.com
air-mesaba-airlines-v1^XJ^Thai AirAsia X^http://www.airasia.com/
air-mgc-aviation-v1^7D^MGC Aviation^
air-mhs-aviation-v1^M2^MHS Aviation^
air-miami-air-international-v1^LL^Miami Air International^http://www.miamiair.com/
air-miami-air-lease-v1^MG^Miami Air Lease^
air-miat-mongolian-airlines-v1^OM^Miat Mongolian Airlines^
air-mid-africa-aviation-v1^8G^Mid Africa Aviation^
air-middle-east-airlines-v1^ME^Middle East Airlines^
air-mihin-lanka-v1^MJ^Mihin Lanka^
air-mint-lineas-aereas-v1^IM^Mint Líneas Aéreas^
air-mirny-air-v1^6R^ALROSA^http://www.alrosa.aero
air-mistral-air-v1^M4^Mistral Air^http://www.mistralair.it
air-mng-airlines-cargo-v1^MB^Mng Airlines Cargo^
air-mokulele-flight-service-v1^MW^Mokulele Airlines^http://www.mokuleleairlines.com/
air-monacair-v1^QM^Monacair^https://www.monacair.mc/en/
air-monarch-airlines-v1^ZB^Monarch Airlines^https://web.archive.org/web/20170929094323/http://www.monarch.co.uk/
air-montenegro-airlines-v1^YM^Montenegro Airlines^
air-montserrat-airways-v1^5M^Montserrat Airways^
air-motor-sich-v1^M9^Motor Sich Jsc^
air-ms-royal-airlines-v1^R0^MS Royal Airlines^
air-myanmar-airways-v1^8M^Myanmar Airways International^http://www.maiair.com/
air-myanmar-utd-v1^UB^Myanmar National Airlines^http://flymna.com/
air-nacil-indian-airline-v1^IC^Nacil Indian Airline^
air-nam-air-v1^IN^NAM Air^http://www.flynamair.com
air-nasair-uair-v1^UE^Nasair^
air-nasair-v1^XY^Flynas^http://www.flynas.com
air-national-airlines-v1^N8^National Airlines^
air-national-jet-systems-v2^NC^Cobham Aviation Services Australia^http://www.cobham.com.au
air-nature-air-v1^5C^Nature Air^
air-naysa-v1^ZN^Naysa^
air-nego-airline-one-v1^YA^Nego Airline One^
air-neos-v1^NO^Neos^http://www.neosair.it
air-nepal-airlines-v1^RA^Nepal Airlines^http://www.nepalairlines.com.np/
air-nesma-airlines-company-v1^NA^Nesma Airlines^http://www.nesmaairlines.com
air-nesma-airlines-v1^NE^Nesma Airlines^http://www.nesmaairlines.com
air-netjets-aviation-v1^1I^Netjets Aviation^
air-new-england-airlines-v1^EJ^New England Airlines^
air-nextjet-v1^2N^Nextjet^http://www.nextjet.se/en
air-niger-airlines-v1^6N^Niger Airlines^
air-niger-airways-v1^NJ^Niger Airways^
air-nigerian-eagle-v1^NG^Aero Contractors^http://www.flyaero.com/
air-niki-v1^HG^Niki^http://www.flyniki.com
air-nile-air-v1^NP^Nile Air^
air-nippon-cargo-airlines-v1^KZ^Nippon Cargo Airlines^http://www.nca.aero
air-nok-air-v1^DD^Nok Air^
air-nokscoot-airlines-v1^XW^NokScoot^http://www.nokscoot.com
air-nolinor-aviation-v1^N5^Nolinor Aviation^http://nolinor.com/en/
air-non-iata-codeshare-carrier-v1^XH^Non Iata Codeshare Carrier^
air-nordavia-v1^5N^Jsc Nordavia^
air-nordic-regional-airlines-v1^N7^Nordic Regional Airlines^http://flynorra.com/?lang=en
air-nord-wind-v1^N4^Nord Wind^
air-northwest-airlines-v1^NW^Northwest Airlines^
air-northwestern-air-lease-v1^J3^Northwestern Air Lease^
air-north-wright-air-v1^HW^North Wright Air^
air-norwegian-air-international-v1^D8^Norwegian Air International^http://www.norwegian.com/
air-norwegian-air-shuttle-v1^DY^Norwegian Air Shuttle (NAS)^http://norwegian.com
air-norwegian-air-uk-v1^DI^Norwegian Air UK^
air-norwegian-long-haul-v1^DU^Norwegian Long Haul^http://www.norwegian.com/
air-nouvelair-v1^BJ^Nouvelair^http://nouvelair.com/en
air-nova-airlines-northcoast-v1^N9^Novair^http://www.novair.se
air-nova-airline-v1^O9^Nova Airways^http://www.novaairways.com/
air-novoair-v1^VQ^Novoair^
air-nyasa-express-v1^7Q^Elite Airways^
air-oceanair-v1^O6^Avianca Brasil^http://www.avianca.com.br
air-okapi-airlines-v1^OI^Hinterland Aviation^
air-okay-airways-v1^BK^Okay Airways^http://www.okair.net/
air-olympic-air-v1^OA^Olympic Air^http://olympicair.com
air-oman-air-v1^WY^Oman Air^http://www.omanair.com
air-onejet-v1^J1^OntJet^http://www.onejet.com
air-onur-air-v1^8Q^Onur Air^https://www.onurair.com/en/
air-openskies-v1^EC^OpenSkies^http://www.flylevel.com/
air-orbest-v1^6O^Orbest^http://www.orbest.com
air-ord-air-charter-v1^RF^Ord Air Charter^
air-orenburg-region-airlines-v1^O7^Orenburg Region Airlines^
air-oriental-air-bridge-v1^OC^Oriental Air Bridge^
air-orient-thai-airlines-v1^OX^Orient Thai Airlines^http://www.flyorientthai.com/en/home/?Language=Eng/
air-our-airline-v1^ON^Nauru Airlines^http://www.nauruairlines.com.au/
air-overland-airways-v2^OF^Overland Airways^http://www.overlandairways.com/
air-pacific-airways-v1^3F^Pacific Airways^
air-pacific-coastal-airlines-v1^8P^Pacific Coastal Airlines^
air-pacific-wings-v1^LW^Pacific Wings^
air-pakistan-airlines-v1^PK^Pakistan International Airlines (PIA)^https://piac.com.pk/
air-palau-asia-pacific-v1^0P^Palau Pacific Airways^http://www.palaupacificairways.com
air-palau-national-airlines-v1^4L^Palau National Airlines^
air-panama-airways-v1^8A^Panama Airways^
air-papillon-airways-v1^HI^Papillon Airways^
air-pascan-aviation-v1^P6^Pascan Aviation^
air-passaredo-transportes-v1^2Z^Passaredo Transportes^http://www.voepassaredo.com.br
air-pawa-dominicana-v1^7N^PAWA Dominicana^https://www.pawadominicana.com/
air-peach-aviation-v1^MM^Peach Aviation^
air-pegasus-airlines-v1^PC^Pegasus Airlines^https://www.flypgs.com/en
air-pegasus-asia-v1^ZM^Pegasus Asia^http://www.airmanas.com/
air-pelican-airlines-v1^FP^Pelican Airlines^
air-penair-v1^KS^Penair^
air-peoples-viennaline-v1^PE^Peoples Viennaline^
air-perimeter-aviation-v1^YP^Perimeter Aviation^http://www.perimeter.ca
air-peruvian-air-lines-v1^P9^Peruvian Airlines^http://www.peruvian.pe/pe/en/
air-petra-airlines-v1^9P^Air Arabia Jordan^http://www.airarabia.com
air-philippine-airlines-v1^PR^Philippine Airlines^https://www.philippineairlines.com
air-piedmont-airlines-v1^PT^Piedmont Airlines^http://piedmont-airlines.com/
air-pison-airways-v1^3I^Pison Airways Ltd^
air-plus-ultra-v1^PU^Plus Ultra Líneas Aéreas^
air-pm-air-v1^Z3^PM Air^
air-pobeda-v1^DP^Pobeda^http://www.pobeda.aero
air-polar-air-cargo-v1^PO^Polar Air Cargo^http://www.polaraircargo.com
air-polar-airlines-v1^PI^Polar Airlines^http://www.polarair.ru/
air-polynesian-airlines-v1^OL^Polynesian Airlines^https://samoaairways.com/
air-porter-airlines-v1^PD^Porter Airlines^http://www.flyporter.com
air-portugalia-v1^NI^Portugalia^http://www.portugalia-airlines.pt
air-precision-air-v1^PW^Precision Air^http://www.precisionairtz.com/
air-premier-trans-aire-v1^3X^Premier Trans Aire^
air-premium-jet-v1^0J^Premium Jet AG^
air-primera-air-nordic-v1^6F^Primera Air Nordic^
air-primera-air-scandinavia-v3^PF^Primera Air Scandinavia^https://primeraair.com
air-proflight-commuter-v1^P0^Proflight Commuter^
air-provincial-airlines-v1^PB^Provincial Airlines^
air-psa-airlines-v1^OH^PSA Airlines^http://www.psaairlines.com/
air-publiccharters-com-v1^P1^Publiccharters Com^
air-pullmantur-air-v1^EB^Wamos Air^http://www.wamosair.com/en
air-punto-azul-v1^ZR^Punto Azul^
air-qantas-v1^QF^Qantas^http://qantas.com
air-qatar-airways-v1^QR^Qatar Airways^http://www.qatarairways.com
air-qazaq-air-v1^IQ^Qazaq Air^http://flyqazaq.com/en
air-qeshm-air-v1^QB^Qeshm Air^
air-qingdao-airlines-v1^QW^Qingdao Airlines^
air-quantum-air-v1^QO^Quantum Air^
air-quebecair-express-v1^Q0^Quebecair Express^
air-rainbow-airlines-v1^RT^Rainbow Airlines^
air-rayani-air-v1^RN^Rayani Air^http://www.rayaniair.com/
air-redemption-v1^2O^Redemption^
air-red-wings-airlines-v1^WZ^Red Wings Airlines^
air-regent-airways-v1^RX^Regent Airways^
air-region-airline-v1^RK^Region Airline^
air-regional-air-services-v1^8N^Regional Air Services^
air-regional-express-v1^ZL^Regional Express^http://www.rex.com.au
air-regionsair-v1^3C^Calima Aviacion^
air-reliable-unique-services-v1^R4^Reliable Unique Services^
air-republic-airline-v1^YX^Republic Airline^
air-robin-hood-aviation-v1^RH^Robin Hood Aviation^
air-romavia-v1^WQ^Romavia^
air-rossiya-airlines-v1^FV^Rossiya^http://www.rossiya-airlines.com/en
air-rotana-jet-v1^RG^Rotana Jet^http://www.rotanajet.com
air-royal-air-charter-service-v1^RW^Royal Air Charter Service^http://royalair.com.ph/
air-royal-air-force-v1^RR^Royal Air Force^
air-royal-air-maroc-v1^AT^Royal Air Maroc^http://royalairmaroc.com
air-royal-brunei-v1^BI^Royal Brunei^
air-royal-falcon-v1^RL^Royal Falcon^
air-royal-jordanian-v1^RJ^Royal Jordanian^http://www.rj.com/
air-royal-wings-v1^RY^Royal Wings^http://www.royalwings.com.jo/
air-ruili-airlines-v1^DR^Ruili Airlines^
air-rusline-v1^7R^RusLine^http://www.rusline.aero/
air-rutaca-airlines-v1^5R^RUTACA Airlines^http://www.flyrutaca.com/
air-rwandair-express-v1^WB^Rwandair^https://www.rwandair.com/
air-ryanair-arctic-transportation-v1^7S^Ryan Air Services^http://www.ryanalaska.com/
air-ryanair-v1^FR^Ryanair^http://www.ryanair.com
air-sabaidee-airways-v1^E3^New Gen Airways^http://www.newgenairways.com/
air-safair-v1^FA^Safair^
air-safi-airways-v1^4Q^Safi Airways^
air-saint-barth-commuter-v1^PV^Saint Barth Commuter^
air-sansa-airlines-v1^RZ^SANSA Airlines^http://www.flysansa.com
air-santa-barbara-airlines-v1^S3^SBA Airlines^http://www.sbairlines.com/
air-saratov-airlines-v1^6W^Saratov Airlines^
air-sarit-airlines-v2^J4^Badr Airlines^https://www.badrairlines.com/en/index.php
air-sata-air-acores-v1^SP^SATA Air Açores^http://www.sata.pt/
air-sat-airlines-v1^HZ^Aurora Airlines^http://flyaurora.ru/en/
air-sata-v1^S4^SATA International^https://www.azoresairlines.pt/?engl=1
air-satena-v1^9R^SATENA^http://www.satena.com/
air-saudi-arabian-airlines-v1^SV^Saudia^http://www.saudia.com/
air-saudi-gulf-airlines-v1^6S^Saudi Gulf Airlines^http://www.saudigulfairlines.com/
air-sayakhat-airlines-v1^W7^Sayakhat Airlines^
air-scandinavian-airlines-v1^SK^Scandinavian Airlines^http://sas.dk
air-scat-airlines-v1^DV^SCAT Airlines^http://www.scat.kz/
air-scenic-airlines-v1^YR^Scenic Airlines^
air-scoot-v1^TZ^Scoot^http://www.flyscoot.com
air-scott-air-v1^I4^Scott Air^
air-seaborne-airlines-v1^BB^Seaborne Airlines^
air-seair-v1^XO^Seair^
air-seaport-airlines-v1^K5^SeaPort^http://www.seaportair.com
air-senegal-airlines-v1^DN^Senegal Airlines^
air-serene-air-v1^ER^SereneAir^https://www.sereneair.com/
air-servant-air-v1^8D^Servant Air^
air-servicios-aereos-profesionales-v1^5S^Servicios Aereos Profesionales^
air-severstal-aircompany-v1^D2^Severstal Air Company^https://severstal-avia.ru/?/en/
air-shaheen-air-v1^NL^Shaheen Air^
air-shandong-airlines-v1^SC^Shandong Airlines^http://www.sda.cn//
air-shanghai-airlines-v1^FM^Shanghai Airlines^
air-sharp-aviation-v1^SH^Sharp Aviation^
air-shenzhen-airlines-v1^ZH^Shenzhen Airlines^http://www.shenzhenair.com/
air-shun-tak-china-v1^8S^Shun Tak China^
air-shuttle-america-v1^S5^Shuttle America^http://www.shuttleamerica.com
air-siberia-airlines-v1^S7^S7 Airlines^https://www.s7.ru/
air-sichuan-airlines-v1^3U^Sichuan Airlines^http://global.sichuanair.com/HK-EN/
air-silkair-v1^MI^SilkAir^http://www.silkair.com
air-silk-way-airlines-v1^ZP^Silk Way Airlines^http://www.silkwayairlines.com/
air-silver-airways-v1^3M^Silver Airways^http://www.silverairways.com
air-singapore-airlines-v1^SQ^Singapore Airlines^https://www.singaporeair.com
air-sirena-travel-v1^1H^Sirena Travel^
air-sirena-v1^1M^Sirena Jsc^
air-skippers-aviation-v2^HK^Skippers Aviation^http://www.skippers.com.au/
air-sky-airline-v1^H2^Sky Airline^http://www.skyairline.cl/
air-sky-bahamas-airlines-v1^Q7^Sky Bahamas Airlines^
air-sky-express-greece-v1^GQ^Sky Express^http://www.skyexpress.gr
air-sky-gabon-v1^GV^Sky Gabon^
air-sky-lease-cargo-v1^GG^Sky Lease Cargo^http://www.skyleasecargo.com/
air-skyking-v1^6K^Songbird Airways^
air-skymark-airlines-v1^BC^Skymark Airlines^http://www.skymark.co.jp/en/
air-skynet-asia-v2^6J^Solaseed Air^https://www.solaseedair.jp/
air-skypower-express-airways-v1^NB^Skypower Express Airways^
air-sky-prime-charter-v1^UY^Sky Prime Charter^
air-sky-taxi-v1^TE^Sky Taxi^http://skytaxi.aero
air-skytrans-regional-v1^Q6^Skytrans Regional^
air-skyward-express-v1^OW^Skyward Express^
air-skywest-airlines-v1^OO^SkyWest Airlines^http://www.skywest.com
air-sky-wings-asia-airlines-v1^ZA^Sky Angkor Airlines^http://www.skyangkorair.com/
air-skywise-v1^C9^Skywise^http://skywise.co.za
air-skywork-airlines-v1^SX^SkyWork Airlines^http://flyskywork.com
air-slok-air-v1^S0^Slok Air International^
air-small-planet-airline-v1^P7^Small Planet Airline^
air-smartlynx-airlines-v1^6Y^SmartLynx Airlines^http://smartlynx.aero/
air-smartwings-v1^QS^Smartwings^https://www.smartwings.com
air-smokey-bay-air-v1^2E^Smokey Bay Air^
air-sol-aviation-v1^ZS^Kazaviaspas^http://kazaviaspas.kz/?lang=en
air-sol-lineas-aereas-v1^8R^Sol Líneas Aéreas^http://www.sol.com.ar
air-solomon-airlines-v1^IE^Solomon Airlines^
air-somon-air-v1^SZ^Somon Air^http://www.somonair.com
air-sounds-air-v1^S8^Sounds Air^http://www.soundsair.com/
air-south-african-airlink-v3^4Z^Airlink^http://flyairlink.com
air-south-african-airways-v1^SA^South African Airways^https://www.flysaa.com
air-south-african-express-v1^XZ^South African Express^http://flyexpress.aero
air-south-airlines-v1^YG^South Airlines^http://www.otlavia.com
air-southern-air-charter-v1^PL^Southern Air Charter^http://www.southernaircharter.com
air-southern-air-v1^9S^Southern Air^http://southernair.com/
air-southern-airways-express-v1^9X^Southern Airways Express^http://www.iFlySouthern.com
air-southern-star-airlines-v1^4P^Travel Air^
air-southwest-airlines-v1^WN^Southwest Airlines^https://www.southwest.com
air-speed-alliance-westbahn-v1^5W^WESTBahn^http://www.westbahn.at
air-spicejet-v1^SG^SpiceJet^http://www.spicejet.com/
air-spirit-airlines-v1^NK^Spirit Airlines^http://spirit.com
air-spring-airlines-jp-v1^IJ^Spring Airlines Japan^
air-spring-airlines-v1^9C^Spring Airlines^https://www.ch.com
air-sprintair-poland-v1^P8^SprintAir^http://www.sprintair.eu/
air-sqiva-sistem-v1^Q1^Sqiva Sistem^
air-srilankan-airlines-v1^UL^SriLankan Airlines^http://www.srilankan.com
air-sriwijaya-air-v1^SJ^Sriwijaya Air^http://www.sriwijayaair.co.id
air-starbow-v1^S9^Starbow^
air-star-airways-v1^4S^Star Airways^
air-star-east-airline-v1^4R^Star East Airline^http://www.stareast.aero
air-star-flyer-v1^7G^StarFlyer^http://www.starflyer.jp
air-star-peru-v1^2I^Star Perú^http://www.starperu.com
air-sta-travel-v1^0O^STA Travel^https://www.statravel.com
air-sterling-air-v1^NB^Sterling Airlines^https://web.archive.org/*/http://www.sterling.dk
air-sterling-blue-v1^DM^Asian Air^
air-stp-airways-v1^8F^STP Airways^
air-sudan-airways-v1^SD^Sudan Airways^
air-sunair-aviation-v1^ZU^Sunair^http://www.sunair.co.nz/
air-sun-air-of-scandinavia-v1^EZ^Sun Air of Scandinavia^http://www.sun-air.dk/
air-sun-country-v1^SY^Sun Country^
air-sun-express-germany-v1^XG^Sun Express Germany^
air-sun-express-v1^XQ^SunExpress^http://www.sunexpress.com/
air-sunrise-airways-v1^S6^Sunrise Airways^
air-sunwing-airlines-v1^WG^Sunwing Airlines^
air-surinam-airways-v1^PY^Surinam Airways^
air-sutra-v1^1K^Sutra^
air-swiftair-v1^WT^Swiftair^http://www.swiftair.com/
air-swiss-airlines-v1^LX^Swiss International Air Lines^http://www.swiss.com
air-swiss-global-air-lines-v1^LZ^Swiss Global Air Lines^http://www.swiss.com/
air-sylt-air-v1^7E^Sylt Air^
air-syrian-arab-airlines-v1^RB^Syrian Arab Airlines^
air-taag-v1^DT^Taag^
air-taban-airlines-v1^HH^Taban Airlines^
air-taca-airlines-v1^TA^Avianca El Salvador^http://www.avianca.com
air-taca-peru-v1^T0^Avianca Perú^http://www.avianca.com
air-tacv-cabo-verde-airlines-v1^VR^Tacv Cabo Verde Airlines^
air-taf-linhas-aereas-v1^R9^TAF Linhas Aereas^
air-tailwind-hava-yollari-as-v1^TI^Tailwind Hava Yollari As^
air-tajik-air-v1^7J^Tajik Air^
air-tame-linea-aerea-del-ecuador-v1^EQ^TAME^http://www.tame.com.ec
air-tam-linhas-aereas-v1^JJ^LATAM Brasil^http://www.latam.com
air-tam-mercosur-v1^PZ^LATAM Paraguay^https://www.latam.com/es_py/
air-tampa-cargo-v1^QT^Tampa Cargo^
air-tanana-air-service-v1^4E^Tanana Air Service^
air-tandem-aero-v1^TQ^Tandem Aero^http://www.tandemaero.md/
air-tap-portugal-v1^TP^TAP Portugal^http://www.flytap.com
air-taquan-air-services-v1^K3^Taquan Air Services^
air-tar-aerolineas-v1^YQ^TAR Aerolíneas^http://tarmexico.com/
air-tarco-air-v1^3T^Tarco Air^
air-tarom-v1^RO^TAROM^http://www.tarom.ro/en/
air-tashi-air-v1^B3^Bhutan Airlines^http://www.bhutanairlines.bt/?p=859
air-tassili-airlines-v1^SF^Tassili Airlines^http://www.tassiliairlines.dz/
air-tatarstan-air-v1^U9^Tatarstan Air^
air-tata-sia-airlines-v1^UK^Vistara^http://www.airvistara.com/
air-tectimes-sudamerica-v1^C1^Tectimes Sudamerica^
air-thai-airasia-v1^FD^Thai AirAsia^http://www.airasia.com/
air-thai-airways-v1^TG^Thai Airways^http://www.thaiairways.com/
air-thai-smile-airways-v1^WE^Thai Smile Airways^http://www.thaismileair.com
air-thai-vietjet-air-v1^VZ^Thai Vietjet Air^http://www.vietjetair.com
air-thomas-cook-airlines-v1^MT^Thomas Cook Airlines^
air-thomas-cook-belgium-v1^HQ^Thomas Cook Airlines Belgium^
air-thomas-cook-eastland-v1^DK^Thomas Cook Airlines^
air-thomson-airways-v1^BY^Thomson Airways^https://www.tui.co.uk/flight
air-tianjin-airlines-v1^GS^Tianjin Airlines^http://www.tianjin-air.com
air-tiara-air-aruba-v1^3P^Tiara Air Aruba^
air-tibet-airlines-v3^TV^Tibet Airlines^http://www.tibetairlines.com.cn
air-tica-air-international-v1^RI^Air Costa Rica^
air-tiger-air-australia-v1^TT^Tigerair Australia^http://tigerair.com.au
air-tiger-air-philippines-v1^DG^Cebgo^https://www.cebupacificair.com/
air-tiger-air-taiwan-v1^IT^Tigerair Taiwan^https://www.tigerairtw.com/
air-tiger-air-v1^TR^Tigerair^http://www.flyscoot.com
air-tik-systems-v1^T1^Tik Systems^
air-titan-airways-v1^ZT^Titan Airways^
air-tnt-airways-v1^3V^Tnt Airways^
air-trade-air-v1^C3^Trade Air^http://www.trade-air.com/
air-tradewind-aviation-v1^TJ^Tradewind Aviation^http://www.flytradewind.com/
air-transaero-airlines-v1^UN^Transaero Airlines^https://web.archive.org/web/20150207080731/http://www.transaero.ru/en
air-trans-air-congo-v1^Q8^Trans Air Congo^
air-transasia-airways-v1^GE^TransAsia Airways^
air-transavia-airlines-v1^HV^Transavia Airlines^
air-transavia-denmark-v1^PH^Transavia Denmark^
air-transavia-france-v1^TO^Transavia France^
air-transnusa-aviation-v1^8B^TransNusa Air Services^http://www.transnusa.co.id
air-transportes-aereos-guatemaltecos-v1^5U^Transportes Aéreos Guatemaltecos^http://www.tag.com.gt
air-trans-states-airlines-v1^AX^Trans States Airlines^http://transstates.net
air-transwest-air-v2^9T^Transwest Air^http://www.transwestair.com/index.cfm
air-travel-service-hungary-v1^7O^Travel Service Hungary^http://travelservice.aero
air-travel-service-polska-v1^3Z^Travel Service Polska^http://www.travelservice.aero
air-travel-service-slovensko-v1^6D^Travel Service Slovensko^http://www.travelservice.aero
air-trigana-air-v1^IL^Trigana Air Service^
air-trip-v1^T4^Trip^
air-tropic-air-v1^9N^Tropic Air^http://www.tropicair.com/
air-tuifly-nordic-v1^6B^Tuifly Nordic^
air-tuifly-v1^X3^TUIfly^http://www.tuifly.com/en/
air-tunisair-express-v1^UG^Tunisair Express^
air-tunisair-v1^TU^Tunisair^
air-turkish-airlines-v1^TK^Turkish Airlines^http://turkishairlines.com
air-turkmenistan-airlines-v1^T5^Turkmenistan Airlines^https://turkmenistanairlines.tm
air-tus-airways-v1^U8^Tus Airways^http://tusairways.com/
air-tway-air-v1^TW^T'way Air^http://www.twayair.com/
air-twin-jet-v1^T7^Twin Jet^http://www.twinjet.fr
air-ukraine-airlines-v1^PS^Ukraine International Airlines^http://www.flyuia.com/
air-um-air-v1^UF^Um Air^
air-uni-airways-v1^B7^Uni Airways^
air-united-airlines-v1^UA^United Airlines^https://www.united.com
air-united-airways-bangladesh-v1^4H^United Airways Bangladesh^
air-universal-airlines-v1^UW^Universal Airlines^
air-ups-airlines-v1^5X^UPS Airlines^http://www.pressroom.ups.com/Media+Kits/Airlines
air-ural-airlines-v1^U6^Ural Airlines^http://www.uralairlines.ru/en/
air-us-airways-v1^US^US Airways^https://web.archive.org/web/*/http://www.usairways.com/
air-usa-jet-airlines-v1^UJ^USA Jet Airlines^
air-us-bangla-airlines-v1^BS^US-Bangla Airlines^http://www.us-banglaairlines.com
air-us-helicopter-v1^UH^AtlasJet Ukraine^
air-utair-aviation-v1^UT^UTair Aviation^http://www.utair.ru/en/
air-utair-express-v1^UR^UTair Express^http://www.utair-express.com/
air-utair-ukraine-v1^QU^UTair Ukraine^http://www.azurair.ua
air-uzbekistan-airways-v1^HY^Uzbekistan Airways^
air-v-air-v1^ZV^V Air^https://www.vair.com.tw
air-van-air-europe-v1^V9^Van Air Europe^
air-vanilla-air-v1^JW^Vanilla Air^http://www.vanilla-air.com/en
air-viaair-v1^VC^ViaAir^http://www.flyviaair.com/
air-videcom-v1^U1^Videcom International^
air-vieques-air-link-v1^V4^Vieques Air Link^http://www.viequesairlink.com/
air-vietjet-aviation-v1^VJ^VietJet Air^http://www.vietjetair.com
air-vietnam-airlines-v1^VN^Vietnam Airlines^http://www.vietnamairlines.com
air-vietnam-air-service-v2^0V^Vietnam Air Services Company^http://www.vasco.com.vn/
air-villa-air-v1^VP^Villa Air^
air-vim-airlines-v1^NN^Vim Airlines^http://www.vim-avia.com/
air-virgin-america-v1^VX^Virgin America^https://web.archive.org/*/http://www.virginamerica.com/
air-virgin-atlantic-v1^VS^Virgin Atlantic^http://virginatlantic.com
air-virgin-australia-v2^VA^Virgin Australia^http://virginaustralia.com
air-vision-airlines-v1^V2^Vision Airlines^
air-viva-air-peru-v1^VV^Viva Airlines Peru^https://www.vivaair.com/pe
air-viva-colombia-v1^FC^Viva Colombia^http://vivaair.com/co
air-vladivostok-air-v1^XF^Vladivostok Air^
air-vlm-airlines-slovenia-v1^VO^VLM Airlines Slovenia^http://www.flyvlm.com
air-vlm-airlines-v1^VG^VLM Airlines^
air-volaris-v1^Y4^Volaris^https://www.volaris.com/
air-volga-dnepr-airline-v1^VI^Volga Dnepr Airline^
air-volotea-v1^V7^Volotea^http://www.volotea.com/
air-vueling-airlines-v1^VY^Vueling^http://www.vueling.com
air-vuelos-economicos-v1^VU^Vuelos Economicos^
air-warbelows-air-ventures-v1^4W^Warbelows Air Ventures^
air-w-caribbean-cr-v1^0W^W Caribbean Costa Rica^
air-west-african-airlines-v1^WH^West African Airlines^
air-westjet-encore-v1^WR^WestJet Encore^http://www.westjet.com/encore
air-westjet-v1^WS^WestJet^https://www.westjet.com
air-white-airways-v1^WI^White Airways^http://www.flywhite.com
air-wideroe-v1^WF^Widerøe^http://www.wf.no/?language=en
air-wind-rose-aviation-v1^7W^Wind Rose Aviation^
air-windward-island-airways-v1^WM^Windward Island Airways^
air-wings-abadi-airlines-v1^IW^Wings Air^http://lionair.co.id
air-wizz-air-hungary-v1^W6^Wizz Air^http://wizzair.com
air-world-airways-v1^WO^World Airways^
air-wow-air-v1^WW^Wow Air^
air-wright-air-services-v1^8V^Wright Air Services^http://www.wrightairservice.com/
air-xiamen-airlines-v1^MF^XiamenAir^http://www.xiamenair.com/cn/en/
air-xl-airways-france-v1^SE^XL Airways France^
air-xpressair-v1^XN^XpressAir^http://www.xpressair.co.id
air-xtra-airways-v1^XP^Xtra Airways^
air-yakutia-airlines-v1^R3^Yakutia Airlines^http://www.yakutia.aero/en/index.php
air-yamal-airlines-v1^YC^Yamal Airlines^
air-yan-air-v1^YE^Yan Air^
air-yangon-airways-v1^YH^Yangon Airways^
air-yangtze-river-express-v1^Y8^Yangtze River Express^http://www.yzr.com.cn/
air-yellow-airtaxi-v1^Y0^Yellow Airtaxi^
air-yemen-airways-v1^IY^Yemen Airways^
air-ygnus-air-v1^Y2^Ygnus Air^
air-yunnan-hongtu-airlines-v1^A6^Yunnan Hongtu Airline^http://www.redair.cn/
air-yunnan-yingan-airline-v1^YI^Yunnan Yingan Airline^
air-yute-air-alaska-v1^4Y^Flight Alaska^http://www.yuteair.net/
air-zagros-air-v1^Z4^Zagrosjet^http://www.zagrosjet.com
air-zambezi-airlines-v1^ZJ^Zambezi Airlines^
air-zanair-v1^B4^Zanair^
air-zestair-v1^Z2^AirAsia Zest^http://www.airasia.com/ph
air-zhejiang-loong-airlines-v1^GJ^Zhejiang Loong Airlines^http://www.loongair.cn/
air-zimex-aviation-v1^XM^Zimex Aviation^http://www.zimex.ch/
